row_id,QuestionId,QuestionText,MC_Answer,StudentExplanation,Category,Misconception,ai_proposed_sublabel,ai_cp_call,ai_rationale,your_review,your_cp_call,your_correction,your_notes
2912,31772,What fraction of the shape is not shaded? Give your answer in its simplest form. [Image: A triangle split into 9 equal smaller triangles. 6 of them are shaded.],\( \frac{3}{9} \),3 of the 9 triangles aren't coloured in so that equals 3/9,False_Misconception,Incomplete,Incomplete — sub-type unclear,A,Explanation does not contain enough signal to assign a sub-type. Review needed: check whether the question included a direction (e.g. 'simplest form') and whether the student's explanation references or ignores it.,,,,
8222,31777,"A box contains \( 120 \) counters. The counters are red or blue. \( \frac{3}{5} \) of the counters are red.
How many red counters are there?",\( 24 \),to find the answer you have to divide 120 by 5 and my answer was 24 so there are 24 red counters.,False_Misconception,Incomplete,Incomplete — Incomplete-procedure,A,Student began a procedure but did not complete it. Ambiguous: may be a procedural gap (doesn't know the next step) or conceptual (doesn't know a next step is needed).,,,,
22895,33471,A bag contains \( 24 \) yellow and green balls. \( \frac{3}{8} \) of the balls are yellow. How many of the balls are green?,\( 3 \),I did 24 divided by 8 and the answer is 3 because you always divide the big number by the denominator,False_Misconception,Incomplete,Incomplete — Incomplete-procedure,A,Student began a procedure but did not complete it. Ambiguous: may be a procedural gap (doesn't know the next step) or conceptual (doesn't know a next step is needed).,,,,
3647,31772,What fraction of the shape is not shaded? Give your answer in its simplest form. [Image: A triangle split into 9 equal smaller triangles. 6 of them are shaded.],\( \frac{3}{9} \),I tink this because there are 9 triangles inside the triangle and3of them are white.,False_Misconception,Incomplete,Incomplete — sub-type unclear,A,Explanation does not contain enough signal to assign a sub-type. Review needed: check whether the question included a direction (e.g. 'simplest form') and whether the student's explanation references or ignores it.,,,,
3933,31772,What fraction of the shape is not shaded? Give your answer in its simplest form. [Image: A triangle split into 9 equal smaller triangles. 6 of them are shaded.],\( \frac{3}{9} \),"There aree 9 triangles total, 3 of them are not shaded. 3 / 9.",False_Misconception,Incomplete,Incomplete — Incomplete-direction,A,"Student explains only the identification step (counting, finding the fraction) with no reference to simplification, despite the question asking for simplest form. May have missed the instruction rather than lacking the skill — ambiguous between C and P without further probing.",,,,
2910,31772,What fraction of the shape is not shaded? Give your answer in its simplest form. [Image: A triangle split into 9 equal smaller triangles. 6 of them are shaded.],\( \frac{3}{9} \),3 not shaded and the total is 9,False_Misconception,Incomplete,Incomplete — Incomplete-direction,A,"Student explains only the identification step (counting, finding the fraction) with no reference to simplification, despite the question asking for simplest form. May have missed the instruction rather than lacking the skill — ambiguous between C and P without further probing.",,,,
23081,33471,A bag contains \( 24 \) yellow and green balls. \( \frac{3}{8} \) of the balls are yellow. How many of the balls are green?,\( 9 \),24 dividedd by 8 = 3,False_Misconception,Incomplete,Incomplete — Incomplete-procedure,A,Student began a procedure but did not complete it. Ambiguous: may be a procedural gap (doesn't know the next step) or conceptual (doesn't know a next step is needed).,,,,
3060,31772,What fraction of the shape is not shaded? Give your answer in its simplest form. [Image: A triangle split into 9 equal smaller triangles. 6 of them are shaded.],\( \frac{3}{9} \),Because 3 out of 9 aren't shaded.,False_Misconception,Incomplete,Incomplete — Incomplete-direction,A,"Student explains only the identification step (counting, finding the fraction) with no reference to simplification, despite the question asking for simplest form. May have missed the instruction rather than lacking the skill — ambiguous between C and P without further probing.",,,,
3754,31772,What fraction of the shape is not shaded? Give your answer in its simplest form. [Image: A triangle split into 9 equal smaller triangles. 6 of them are shaded.],\( \frac{3}{9} \),Then you need to see how many that are not shaded. It equals 3/9.,False_Misconception,Incomplete,Incomplete — Incomplete-direction,A,"Student explains only the identification step (counting, finding the fraction) with no reference to simplification, despite the question asking for simplest form. May have missed the instruction rather than lacking the skill — ambiguous between C and P without further probing.",,,,
4417,31772,What fraction of the shape is not shaded? Give your answer in its simplest form. [Image: A triangle split into 9 equal smaller triangles. 6 of them are shaded.],\( \frac{3}{9} \),i think this answer because there is 9 squares but three are not shaded,False_Misconception,Incomplete,Incomplete — Incomplete-direction,A,"Student explains only the identification step (counting, finding the fraction) with no reference to simplification, despite the question asking for simplest form. May have missed the instruction rather than lacking the skill — ambiguous between C and P without further probing.",,,,
3986,31772,What fraction of the shape is not shaded? Give your answer in its simplest form. [Image: A triangle split into 9 equal smaller triangles. 6 of them are shaded.],\( \frac{3}{9} \),Three ninths is not shaded on this shape I counted how many were In total and I got nine then I counted how many were not shaded,False_Misconception,Incomplete,Incomplete — Incomplete-direction,A,"Student explains only the identification step (counting, finding the fraction) with no reference to simplification, despite the question asking for simplest form. May have missed the instruction rather than lacking the skill — ambiguous between C and P without further probing.",,,,
4352,31772,What fraction of the shape is not shaded? Give your answer in its simplest form. [Image: A triangle split into 9 equal smaller triangles. 6 of them are shaded.],\( \frac{3}{9} \),i know this because 3 triangles are not shadedd in and there are 9 triangle.,False_Misconception,Incomplete,Incomplete — Incomplete-direction,A,"Student explains only the identification step (counting, finding the fraction) with no reference to simplification, despite the question asking for simplest form. May have missed the instruction rather than lacking the skill — ambiguous between C and P without further probing.",,,,
4798,31772,What fraction of the shape is not shaded? Give your answer in its simplest form. [Image: A triangle split into 9 equal smaller triangles. 6 of them are shaded.],\( \frac{3}{9} \),there is 9 triangle and 3 are not shaded,False_Misconception,Incomplete,Incomplete — Incomplete-direction,A,"Student explains only the identification step (counting, finding the fraction) with no reference to simplification, despite the question asking for simplest form. May have missed the instruction rather than lacking the skill — ambiguous between C and P without further probing.",,,,
4135,31772,What fraction of the shape is not shaded? Give your answer in its simplest form. [Image: A triangle split into 9 equal smaller triangles. 6 of them are shaded.],\( \frac{3}{9} \),because there are 9 shapes all together and 3 aren't shaded so it would be 3-9ths.,False_Misconception,Incomplete,Incomplete — Incomplete-direction,A,"Student explains only the identification step (counting, finding the fraction) with no reference to simplification, despite the question asking for simplest form. May have missed the instruction rather than lacking the skill — ambiguous between C and P without further probing.",,,,
4242,31772,What fraction of the shape is not shaded? Give your answer in its simplest form. [Image: A triangle split into 9 equal smaller triangles. 6 of them are shaded.],\( \frac{3}{9} \),because three is not shaded and the total is 9 so it is 3 over 9,False_Misconception,Incomplete,Incomplete — Incomplete-direction,A,"Student explains only the identification step (counting, finding the fraction) with no reference to simplification, despite the question asking for simplest form. May have missed the instruction rather than lacking the skill — ambiguous between C and P without further probing.",,,,
3738,31772,What fraction of the shape is not shaded? Give your answer in its simplest form. [Image: A triangle split into 9 equal smaller triangles. 6 of them are shaded.],\( \frac{3}{9} \),The answer to this question is: 3/9 because there is 9 shapes altogether and 3 that isn't,False_Misconception,Incomplete,Incomplete — sub-type unclear,A,Explanation does not contain enough signal to assign a sub-type. Review needed: check whether the question included a direction (e.g. 'simplest form') and whether the student's explanation references or ignores it.,,,,
4062,31772,What fraction of the shape is not shaded? Give your answer in its simplest form. [Image: A triangle split into 9 equal smaller triangles. 6 of them are shaded.],\( \frac{3}{9} \),because 6/9 is shaded so there aree 3/9 left,False_Misconception,Incomplete,Incomplete — Incomplete-direction,A,"Student explains only the identification step (counting, finding the fraction) with no reference to simplification, despite the question asking for simplest form. May have missed the instruction rather than lacking the skill — ambiguous between C and P without further probing.",,,,
3101,31772,What fraction of the shape is not shaded? Give your answer in its simplest form. [Image: A triangle split into 9 equal smaller triangles. 6 of them are shaded.],\( \frac{3}{9} \),Because it is out of nine and three are not shaded,False_Misconception,Incomplete,Incomplete — Incomplete-direction,A,"Student explains only the identification step (counting, finding the fraction) with no reference to simplification, despite the question asking for simplest form. May have missed the instruction rather than lacking the skill — ambiguous between C and P without further probing.",,,,
3437,31772,What fraction of the shape is not shaded? Give your answer in its simplest form. [Image: A triangle split into 9 equal smaller triangles. 6 of them are shaded.],\( \frac{3}{9} \),I think d because there are 9 triangles altogether and 3 of those triangles  aren’t shaded.,False_Misconception,Incomplete,Incomplete — Incomplete-direction,A,"Student explains only the identification step (counting, finding the fraction) with no reference to simplification, despite the question asking for simplest form. May have missed the instruction rather than lacking the skill — ambiguous between C and P without further probing.",,,,
4571,31772,What fraction of the shape is not shaded? Give your answer in its simplest form. [Image: A triangle split into 9 equal smaller triangles. 6 of them are shaded.],\( \frac{3}{9} \),since you could see that the white parts are three of them that are not shaded and since that there are 9 in total that would have to be the denominator so it is 3/9.,False_Misconception,Incomplete,Incomplete — Incomplete-direction,A,"Student explains only the identification step (counting, finding the fraction) with no reference to simplification, despite the question asking for simplest form. May have missed the instruction rather than lacking the skill — ambiguous between C and P without further probing.",,,,
4577,31772,What fraction of the shape is not shaded? Give your answer in its simplest form. [Image: A triangle split into 9 equal smaller triangles. 6 of them are shaded.],\( \frac{3}{9} \),the answer is 3/9 because the whole shape has nine triangles and three of them are not shaded.,False_Misconception,Incomplete,Incomplete — Incomplete-direction,A,"Student explains only the identification step (counting, finding the fraction) with no reference to simplification, despite the question asking for simplest form. May have missed the instruction rather than lacking the skill — ambiguous between C and P without further probing.",,,,
3201,31772,What fraction of the shape is not shaded? Give your answer in its simplest form. [Image: A triangle split into 9 equal smaller triangles. 6 of them are shaded.],\( \frac{3}{9} \),Because there is 3 not shaded so that is the 3rd then all together there is 9 triangles so that would be 3/9,False_Misconception,Incomplete,Incomplete — Incomplete-direction,A,"Student explains only the identification step (counting, finding the fraction) with no reference to simplification, despite the question asking for simplest form. May have missed the instruction rather than lacking the skill — ambiguous between C and P without further probing.",,,,
4320,31772,What fraction of the shape is not shaded? Give your answer in its simplest form. [Image: A triangle split into 9 equal smaller triangles. 6 of them are shaded.],\( \frac{3}{9} \),i counted the non-shaded and shaded so it becomes 9ths count the non-shaded triangles agains so its 3 9ths,False_Misconception,Incomplete,Incomplete — Incomplete-direction,A,"Student explains only the identification step (counting, finding the fraction) with no reference to simplification, despite the question asking for simplest form. May have missed the instruction rather than lacking the skill — ambiguous between C and P without further probing.",,,,
3019,31772,What fraction of the shape is not shaded? Give your answer in its simplest form. [Image: A triangle split into 9 equal smaller triangles. 6 of them are shaded.],\( \frac{3}{9} \),As 3 parts of the 9 are not shaded,False_Misconception,Incomplete,Incomplete — Incomplete-direction,A,"Student explains only the identification step (counting, finding the fraction) with no reference to simplification, despite the question asking for simplest form. May have missed the instruction rather than lacking the skill — ambiguous between C and P without further probing.",,,,
2932,31772,What fraction of the shape is not shaded? Give your answer in its simplest form. [Image: A triangle split into 9 equal smaller triangles. 6 of them are shaded.],\( \frac{3}{9} \),3 out of 9 are not shaded,False_Misconception,Incomplete,Incomplete — Incomplete-direction,A,"Student explains only the identification step (counting, finding the fraction) with no reference to simplification, despite the question asking for simplest form. May have missed the instruction rather than lacking the skill — ambiguous between C and P without further probing.",,,,
3791,31772,What fraction of the shape is not shaded? Give your answer in its simplest form. [Image: A triangle split into 9 equal smaller triangles. 6 of them are shaded.],\( \frac{3}{9} \),There are 9 pieces altogether and three of them aren't shaded.,False_Misconception,Incomplete,Incomplete — Incomplete-direction,A,"Student explains only the identification step (counting, finding the fraction) with no reference to simplification, despite the question asking for simplest form. May have missed the instruction rather than lacking the skill — ambiguous between C and P without further probing.",,,,
3801,31772,What fraction of the shape is not shaded? Give your answer in its simplest form. [Image: A triangle split into 9 equal smaller triangles. 6 of them are shaded.],\( \frac{3}{9} \),There are 9 shapes all together and 3 aren’t shaded.,False_Misconception,Incomplete,Incomplete — Incomplete-direction,A,"Student explains only the identification step (counting, finding the fraction) with no reference to simplification, despite the question asking for simplest form. May have missed the instruction rather than lacking the skill — ambiguous between C and P without further probing.",,,,
4021,31772,What fraction of the shape is not shaded? Give your answer in its simplest form. [Image: A triangle split into 9 equal smaller triangles. 6 of them are shaded.],\( \frac{3}{9} \),because 3 are nit shaded of 9 triangles,False_Misconception,Incomplete,Incomplete — Incomplete-direction,A,"Student explains only the identification step (counting, finding the fraction) with no reference to simplification, despite the question asking for simplest form. May have missed the instruction rather than lacking the skill — ambiguous between C and P without further probing.",,,,
3234,31772,What fraction of the shape is not shaded? Give your answer in its simplest form. [Image: A triangle split into 9 equal smaller triangles. 6 of them are shaded.],\( \frac{3}{9} \),Because there's 9 triangles and there's 3 not shaded,False_Misconception,Incomplete,Incomplete — Incomplete-direction,A,"Student explains only the identification step (counting, finding the fraction) with no reference to simplification, despite the question asking for simplest form. May have missed the instruction rather than lacking the skill — ambiguous between C and P without further probing.",,,,
3705,31772,What fraction of the shape is not shaded? Give your answer in its simplest form. [Image: A triangle split into 9 equal smaller triangles. 6 of them are shaded.],\( \frac{3}{9} \),It's out of 9 triangles and you can see that 3 are not shaded,False_Misconception,Incomplete,Incomplete — Incomplete-direction,A,"Student explains only the identification step (counting, finding the fraction) with no reference to simplification, despite the question asking for simplest form. May have missed the instruction rather than lacking the skill — ambiguous between C and P without further probing.",,,,
12347,31778,\( \frac{A}{10}=\frac{9}{15} \) What is the value of \( A \) ?,\( 4 \),i think this is the answer because to make 15 from ten you add 5 so i took away 5 from 9 and this was my answer.,False_Misconception,Additive,Additive,C,"Student uses explicitly additive language (adding, doubling, halving) on a multiplicative/proportional problem. No multiplicative reasoning visible. Indicates the additive-to-multiplicative conceptual transition has not occurred.",,,,
12343,31778,\( \frac{A}{10}=\frac{9}{15} \) What is the value of \( A \) ?,\( 4 \),"i think this is the answer because from 10 to 15 you add 5, and so i did 9 minus 5 and got 4.",False_Misconception,Additive,Additive,C,"Student uses explicitly additive language (adding, doubling, halving) on a multiplicative/proportional problem. No multiplicative reasoning visible. Indicates the additive-to-multiplicative conceptual transition has not occurred.",,,,
12240,31778,\( \frac{A}{10}=\frac{9}{15} \) What is the value of \( A \) ?,\( 4 \),i think is b because 5+4 would be 9 so if you add 5 to the colom below you do same thing to your numerator,False_Misconception,Additive,Additive,C,"Student uses explicitly additive language (adding, doubling, halving) on a multiplicative/proportional problem. No multiplicative reasoning visible. Indicates the additive-to-multiplicative conceptual transition has not occurred.",,,,
11432,31778,\( \frac{A}{10}=\frac{9}{15} \) What is the value of \( A \) ?,\( 4 \),10 to get to 15 is add 5 so you need to do whatever number that adds five to get nine which will be 4 so that will be your numerator,False_Misconception,Additive,Additive,C,"Student uses explicitly additive language (adding, doubling, halving) on a multiplicative/proportional problem. No multiplicative reasoning visible. Indicates the additive-to-multiplicative conceptual transition has not occurred.",,,,
11883,31778,\( \frac{A}{10}=\frac{9}{15} \) What is the value of \( A \) ?,\( 4 \),If you do something plus 5=9 then you havee to add 4,False_Misconception,Additive,Additive,C,"Student uses explicitly additive language (adding, doubling, halving) on a multiplicative/proportional problem. No multiplicative reasoning visible. Indicates the additive-to-multiplicative conceptual transition has not occurred.",,,,
11641,31778,\( \frac{A}{10}=\frac{9}{15} \) What is the value of \( A \) ?,\( 4 \),I knew 10 +? = 15 so its add 5 then something +5 = 4.,False_Misconception,Additive,Additive,C,"Student uses explicitly additive language (adding, doubling, halving) on a multiplicative/proportional problem. No multiplicative reasoning visible. Indicates the additive-to-multiplicative conceptual transition has not occurred.",,,,
11834,31778,\( \frac{A}{10}=\frac{9}{15} \) What is the value of \( A \) ?,\( 4 \),I took 9 away from 15 and did the same to find A.,False_Misconception,Additive,Additive,C,"Student uses explicitly additive language (adding, doubling, halving) on a multiplicative/proportional problem. No multiplicative reasoning visible. Indicates the additive-to-multiplicative conceptual transition has not occurred.",,,,
11522,31778,\( \frac{A}{10}=\frac{9}{15} \) What is the value of \( A \) ?,\( 4 \),"Because 9-5 is 9, so it would be 4.",False_Misconception,Additive,Additive,C,Additive error confirmed by incorrect answer pattern. Explanation is brief but consistent with additive reasoning applied to a multiplicative context. Conceptual: the additive-to-multiplicative transition is the root issue.,,,,
12006,31778,\( \frac{A}{10}=\frac{9}{15} \) What is the value of \( A \) ?,\( 4 \),You take 5 to get ten so I took 5 from nine,False_Misconception,Additive,Additive,C,Additive error confirmed by incorrect answer pattern. Explanation is brief but consistent with additive reasoning applied to a multiplicative context. Conceptual: the additive-to-multiplicative transition is the root issue.,,,,
11993,31778,\( \frac{A}{10}=\frac{9}{15} \) What is the value of \( A \) ?,\( 4 \),You add 5 to both sides.,False_Misconception,Additive,Additive,C,"Student uses explicitly additive language (adding, doubling, halving) on a multiplicative/proportional problem. No multiplicative reasoning visible. Indicates the additive-to-multiplicative conceptual transition has not occurred.",,,,
11960,31778,\( \frac{A}{10}=\frac{9}{15} \) What is the value of \( A \) ?,\( 4 \),Therefore I assume that 9-5 = 4 is the numerator.,False_Misconception,Additive,Additive,C,Additive error confirmed by incorrect answer pattern. Explanation is brief but consistent with additive reasoning applied to a multiplicative context. Conceptual: the additive-to-multiplicative transition is the root issue.,,,,
12035,31778,\( \frac{A}{10}=\frac{9}{15} \) What is the value of \( A \) ?,\( 4 \),because 10 - 15 is taking 5 away so 9 - 5 = 4 but in the question it is 10+5=15 and 4+5=9,False_Misconception,Additive,Additive,C,"Student uses explicitly additive language (adding, doubling, halving) on a multiplicative/proportional problem. No multiplicative reasoning visible. Indicates the additive-to-multiplicative conceptual transition has not occurred.",,,,
11831,31778,\( \frac{A}{10}=\frac{9}{15} \) What is the value of \( A \) ?,\( 4 \),I took 5 away from 9 because 15 is 5 more than 10,False_Misconception,Additive,Additive,C,"Student uses explicitly additive language (adding, doubling, halving) on a multiplicative/proportional problem. No multiplicative reasoning visible. Indicates the additive-to-multiplicative conceptual transition has not occurred.",,,,
12263,31778,\( \frac{A}{10}=\frac{9}{15} \) What is the value of \( A \) ?,\( 4 \),i think that this is the answer because mainly to get to ten you add five so i took five away from nine which i thought was the answer,False_Misconception,Additive,Additive,C,"Student uses explicitly additive language (adding, doubling, halving) on a multiplicative/proportional problem. No multiplicative reasoning visible. Indicates the additive-to-multiplicative conceptual transition has not occurred.",,,,
12338,31778,\( \frac{A}{10}=\frac{9}{15} \) What is the value of \( A \) ?,\( 4 \),i think this is because you added 5 to 10 so you add 5 the number before.,False_Misconception,Additive,Additive,C,"Student uses explicitly additive language (adding, doubling, halving) on a multiplicative/proportional problem. No multiplicative reasoning visible. Indicates the additive-to-multiplicative conceptual transition has not occurred.",,,,
12079,31778,\( \frac{A}{10}=\frac{9}{15} \) What is the value of \( A \) ?,\( 4 \),because 9-5 is 9 so it would be 4,False_Misconception,Additive,Additive,C,Additive error confirmed by incorrect answer pattern. Explanation is brief but consistent with additive reasoning applied to a multiplicative context. Conceptual: the additive-to-multiplicative transition is the root issue.,,,,
11695,31778,\( \frac{A}{10}=\frac{9}{15} \) What is the value of \( A \) ?,\( 4 \),I think it is because you would take 10 away from 15 which would leave you with 5 so 9 takeaway 5 would be 4,False_Misconception,Additive,Additive,C,Additive error confirmed by incorrect answer pattern. Explanation is brief but consistent with additive reasoning applied to a multiplicative context. Conceptual: the additive-to-multiplicative transition is the root issue.,,,,
11509,31778,\( \frac{A}{10}=\frac{9}{15} \) What is the value of \( A \) ?,\( 4 \),Because 15 is 5 more than ten and nine is 5 more than 4,False_Misconception,Additive,Additive,C,"Student uses explicitly additive language (adding, doubling, halving) on a multiplicative/proportional problem. No multiplicative reasoning visible. Indicates the additive-to-multiplicative conceptual transition has not occurred.",,,,
11744,31778,\( \frac{A}{10}=\frac{9}{15} \) What is the value of \( A \) ?,\( 4 \),I think this because 15-10=5 and 9-5=4 that means the value of a is 4,False_Misconception,Additive,Additive,C,"Student uses explicitly additive language (adding, doubling, halving) on a multiplicative/proportional problem. No multiplicative reasoning visible. Indicates the additive-to-multiplicative conceptual transition has not occurred.",,,,
12052,31778,\( \frac{A}{10}=\frac{9}{15} \) What is the value of \( A \) ?,\( 4 \),because 10+5=15 so  you take away 5 from 10 which is 4,False_Misconception,Additive,Additive,C,"Student uses explicitly additive language (adding, doubling, halving) on a multiplicative/proportional problem. No multiplicative reasoning visible. Indicates the additive-to-multiplicative conceptual transition has not occurred.",,,,
11796,31778,\( \frac{A}{10}=\frac{9}{15} \) What is the value of \( A \) ?,\( 4 \),I think this is B because 10 is 5 less than 15 so I took 5 away from 9,False_Misconception,Additive,Additive,C,Additive error confirmed by incorrect answer pattern. Explanation is brief but consistent with additive reasoning applied to a multiplicative context. Conceptual: the additive-to-multiplicative transition is the root issue.,,,,
12061,31778,\( \frac{A}{10}=\frac{9}{15} \) What is the value of \( A \) ?,\( 4 \),because 15 munus 9 is 6 so the top is 4.,False_Misconception,Additive,Additive,C,Additive error confirmed by incorrect answer pattern. Explanation is brief but consistent with additive reasoning applied to a multiplicative context. Conceptual: the additive-to-multiplicative transition is the root issue.,,,,
11469,31778,\( \frac{A}{10}=\frac{9}{15} \) What is the value of \( A \) ?,\( 4 \),5 less that means take away 5,False_Misconception,Additive,Additive,C,"Student uses explicitly additive language (adding, doubling, halving) on a multiplicative/proportional problem. No multiplicative reasoning visible. Indicates the additive-to-multiplicative conceptual transition has not occurred.",,,,
11441,31778,\( \frac{A}{10}=\frac{9}{15} \) What is the value of \( A \) ?,\( 4 \),15 is 10 + 5 so i took away 5 from 9 and got 4,False_Misconception,Additive,Additive,C,"Student uses explicitly additive language (adding, doubling, halving) on a multiplicative/proportional problem. No multiplicative reasoning visible. Indicates the additive-to-multiplicative conceptual transition has not occurred.",,,,
12430,31778,\( \frac{A}{10}=\frac{9}{15} \) What is the value of \( A \) ?,\( 4 \),so 4 to 9 is 5 because 10 to 15 is 5.,False_Misconception,Additive,Additive,C,Additive error confirmed by incorrect answer pattern. Explanation is brief but consistent with additive reasoning applied to a multiplicative context. Conceptual: the additive-to-multiplicative transition is the root issue.,,,,
12329,31778,\( \frac{A}{10}=\frac{9}{15} \) What is the value of \( A \) ?,\( 4 \),i think this is because on the a side number 10 is 5 take away 15 so 5 times 9 is four.,False_Misconception,Additive,Additive,C,"Student mixes additive and multiplicative language, suggesting partial understanding of the multiplicative relationship but defaulting to additive operations in execution. Still conceptual — the mental model is not yet fully multiplicative.",,,,
12066,31778,\( \frac{A}{10}=\frac{9}{15} \) What is the value of \( A \) ?,\( 4 \),"because 15-10=5 so it need to subsract -5 so
9-4=4",False_Misconception,Additive,Additive,C,Additive error confirmed by incorrect answer pattern. Explanation is brief but consistent with additive reasoning applied to a multiplicative context. Conceptual: the additive-to-multiplicative transition is the root issue.,,,,
13033,31778,\( \frac{A}{10}=\frac{9}{15} \) What is the value of \( A \) ?,\( 6 \),I did 15 take away 9 and got 6,True_Misconception,Additive,Additive,C,"Student uses explicitly additive language (adding, doubling, halving) on a multiplicative/proportional problem. No multiplicative reasoning visible. Indicates the additive-to-multiplicative conceptual transition has not occurred.",,,,
12142,31778,\( \frac{A}{10}=\frac{9}{15} \) What is the value of \( A \) ?,\( 4 \),"because you add 5 to ten to get 15, so if you take 5 from 9 you will get 4.",False_Misconception,Additive,Additive,C,"Student uses explicitly additive language (adding, doubling, halving) on a multiplicative/proportional problem. No multiplicative reasoning visible. Indicates the additive-to-multiplicative conceptual transition has not occurred.",,,,
12315,31778,\( \frac{A}{10}=\frac{9}{15} \) What is the value of \( A \) ?,\( 4 \),i think this because to get from 10 to 15 you have to add 5 so you have to do 9-4which is 5,False_Misconception,Additive,Additive,C,"Student uses explicitly additive language (adding, doubling, halving) on a multiplicative/proportional problem. No multiplicative reasoning visible. Indicates the additive-to-multiplicative conceptual transition has not occurred.",,,,
18622,32833,Calculate \( \frac{2}{3} \times 5 \),\( \frac{10}{15} \),because 5 times 2 is 10 and 5 times 3 is 15,False_Misconception,Duplication,Duplication,P,Duplication confirmed by answer pattern. Some procedural language present but the computation did not produce a new value — student ended where they started. Procedural error.,,,,
18880,32833,Calculate \( \frac{2}{3} \times 5 \),\( \frac{10}{15} \),i think this because 5x2 is 10 and 5x3 is 15,False_Misconception,Duplication,Duplication,P,"Student echoed a value from the problem without performing a computation. Guess language present ('I think', 'not sure'). Procedural: student had no entry point into the problem and anchored on a visible number.",,,,
18450,32833,Calculate \( \frac{2}{3} \times 5 \),\( \frac{10}{15} \),"I think thus because 2 times 5 is 10, and 3 times 5, so it's 15",False_Misconception,Duplication,Duplication,P,Duplication confirmed by answer pattern. Some procedural language present but the computation did not produce a new value — student ended where they started. Procedural error.,,,,
18308,32833,Calculate \( \frac{2}{3} \times 5 \),\( \frac{10}{15} \),2 x 5 is 10 and three times 5 is 15.,False_Misconception,Duplication,Duplication,P,Duplication confirmed by answer pattern. Some procedural language present but the computation did not produce a new value — student ended where they started. Procedural error.,,,,
19003,32833,Calculate \( \frac{2}{3} \times 5 \),\( \frac{10}{15} \),it is 10 over 15 because you have to count in the five times tables.,False_Misconception,Duplication,Duplication,P,Duplication confirmed by answer pattern. Some procedural language present but the computation did not produce a new value — student ended where they started. Procedural error.,,,,
19039,32833,Calculate \( \frac{2}{3} \times 5 \),\( \frac{10}{15} \),so you do 2x5 then 3x5.,False_Misconception,Duplication,Duplication,P,"Answer duplicates a value present in the problem (numerator, given number, or other visible quantity). No computational procedure visible in explanation. Procedural: student defaulted to what was available rather than deriving a new value.",,,,
18715,32833,Calculate \( \frac{2}{3} \times 5 \),\( \frac{10}{15} \),"hence, the answer is 10/15 because 3x5 = 15 and 2x5.",False_Misconception,Duplication,Duplication,P,"Answer duplicates a value present in the problem (numerator, given number, or other visible quantity). No computational procedure visible in explanation. Procedural: student defaulted to what was available rather than deriving a new value.",,,,
18722,32833,Calculate \( \frac{2}{3} \times 5 \),\( \frac{10}{15} \),i believe the answer is 10/15 becaude 5x2=10 and 5f3=15 so the (answer) = 2/3.,False_Misconception,Duplication,Duplication,P,"Answer duplicates a value present in the problem (numerator, given number, or other visible quantity). No computational procedure visible in explanation. Procedural: student defaulted to what was available rather than deriving a new value.",,,,
19124,32833,Calculate \( \frac{2}{3} \times 5 \),\( \frac{10}{15} \),you go along the bottom and up to 2/3x5 5x2=10 3x5%3=15 so the answer is 10/15,False_Misconception,Duplication,Duplication,P,"Answer duplicates a value present in the problem (numerator, given number, or other visible quantity). No computational procedure visible in explanation. Procedural: student defaulted to what was available rather than deriving a new value.",,,,
19004,32833,Calculate \( \frac{2}{3} \times 5 \),\( \frac{10}{15} \),it is a because 2 x 5 = 10 and 3 x 5 = 15  so the answer to 2/3 x 5 is 10/15.,False_Misconception,Duplication,Duplication,P,"Answer duplicates a value present in the problem (numerator, given number, or other visible quantity). No computational procedure visible in explanation. Procedural: student defaulted to what was available rather than deriving a new value.",,,,
18637,32833,Calculate \( \frac{2}{3} \times 5 \),\( \frac{10}{15} \),because 5x3=15 and 5x2=10 so put them back as a fraction and you have 10/15,False_Misconception,Duplication,Duplication,P,"Answer duplicates a value present in the problem (numerator, given number, or other visible quantity). No computational procedure visible in explanation. Procedural: student defaulted to what was available rather than deriving a new value.",,,,
18700,32833,Calculate \( \frac{2}{3} \times 5 \),\( \frac{10}{15} \),becausee 2 x 5 is 10 and 3 X 5 was 15.,False_Misconception,Duplication,Duplication,P,"Answer duplicates a value present in the problem (numerator, given number, or other visible quantity). No computational procedure visible in explanation. Procedural: student defaulted to what was available rather than deriving a new value.",,,,
19033,32833,Calculate \( \frac{2}{3} \times 5 \),\( \frac{10}{15} \),"so it would be 10 because 2x5 is 10, and 3x5, so it will be 15 because 4 times 5 equals 15.",False_Misconception,Duplication,Duplication,P,Duplication confirmed by answer pattern. Some procedural language present but the computation did not produce a new value — student ended where they started. Procedural error.,,,,
18919,32833,Calculate \( \frac{2}{3} \times 5 \),\( \frac{10}{15} \),i think this is because 2x5=10 and 3x5.. if you put them together you get 1/15,False_Misconception,Duplication,Duplication,P,"Student echoed a value from the problem without performing a computation. Guess language present ('I think', 'not sure'). Procedural: student had no entry point into the problem and anchored on a visible number.",,,,
18972,32833,Calculate \( \frac{2}{3} \times 5 \),\( \frac{10}{15} \),"if yiu multiply 5 times 3 it equals 15, then five times two is 10 and so on.",False_Misconception,Duplication,Duplication,P,Duplication confirmed by answer pattern. Some procedural language present but the computation did not produce a new value — student ended where they started. Procedural error.,,,,
18406,32833,Calculate \( \frac{2}{3} \times 5 \),\( \frac{10}{15} \),I just times the topp and bottom number by 5.,False_Misconception,Duplication,Duplication,P,Duplication confirmed by answer pattern. Some procedural language present but the computation did not produce a new value — student ended where they started. Procedural error.,,,,
18618,32833,Calculate \( \frac{2}{3} \times 5 \),\( \frac{10}{15} \),because 3x5 = 15 and 2x5 = 10 so the answer is 10/15,False_Misconception,Duplication,Duplication,P,"Answer duplicates a value present in the problem (numerator, given number, or other visible quantity). No computational procedure visible in explanation. Procedural: student defaulted to what was available rather than deriving a new value.",,,,
18405,32833,Calculate \( \frac{2}{3} \times 5 \),\( \frac{10}{15} \),I just timed two by 5 and then three by 5.,False_Misconception,Duplication,Duplication,P,"Answer duplicates a value present in the problem (numerator, given number, or other visible quantity). No computational procedure visible in explanation. Procedural: student defaulted to what was available rather than deriving a new value.",,,,
18335,32833,Calculate \( \frac{2}{3} \times 5 \),\( \frac{10}{15} \),3 times five is fifteen so that's out as a fraction of 10/15 whuch is 10%.,False_Misconception,Duplication,Duplication,P,Duplication confirmed by answer pattern. Some procedural language present but the computation did not produce a new value — student ended where they started. Procedural error.,,,,
18341,32833,Calculate \( \frac{2}{3} \times 5 \),\( \frac{10}{15} \),3 x 5 is 15 and 2 x 5 equals 10.,False_Misconception,Duplication,Duplication,P,"Answer duplicates a value present in the problem (numerator, given number, or other visible quantity). No computational procedure visible in explanation. Procedural: student defaulted to what was available rather than deriving a new value.",,,,
19100,32833,Calculate \( \frac{2}{3} \times 5 \),\( \frac{10}{15} \),"using the math, we find that 10 times 2 = 10, and 5 times 3 is 15, so it's like (10 + 15) over 10.",False_Misconception,Duplication,Duplication,P,Duplication confirmed by answer pattern. Some procedural language present but the computation did not produce a new value — student ended where they started. Procedural error.,,,,
18835,32833,Calculate \( \frac{2}{3} \times 5 \),\( \frac{10}{15} \),i think this because 2 times 5 = 10 and 3 times 5 =15 so it is 10/15,False_Misconception,Duplication,Duplication,P,Duplication confirmed by answer pattern. Some procedural language present but the computation did not produce a new value — student ended where they started. Procedural error.,,,,
19064,32833,Calculate \( \frac{2}{3} \times 5 \),\( \frac{10}{15} \),this is correct because 2 x 5 = 10 and 3 x 5= 15.,False_Misconception,Duplication,Duplication,P,"Answer duplicates a value present in the problem (numerator, given number, or other visible quantity). No computational procedure visible in explanation. Procedural: student defaulted to what was available rather than deriving a new value.",,,,
18825,32833,Calculate \( \frac{2}{3} \times 5 \),\( \frac{10}{15} \),i think that the answer is a because 5 x 3 is 15 and 2 x 5 is 10 so 10/15,False_Misconception,Duplication,Duplication,P,"Student echoed a value from the problem without performing a computation. Guess language present ('I think', 'not sure'). Procedural: student had no entry point into the problem and anchored on a visible number.",,,,
18916,32833,Calculate \( \frac{2}{3} \times 5 \),\( \frac{10}{15} \),i think this is because 2x5 is 10 and 3x5 is 15 so it would be 10 over 15,False_Misconception,Duplication,Duplication,P,"Student echoed a value from the problem without performing a computation. Guess language present ('I think', 'not sure'). Procedural: student had no entry point into the problem and anchored on a visible number.",,,,
18750,32833,Calculate \( \frac{2}{3} \times 5 \),\( \frac{10}{15} \),i did a because i did 5×3=15 and then 2×5=10,False_Misconception,Duplication,Duplication,P,"Answer duplicates a value present in the problem (numerator, given number, or other visible quantity). No computational procedure visible in explanation. Procedural: student defaulted to what was available rather than deriving a new value.",,,,
19087,32833,Calculate \( \frac{2}{3} \times 5 \),\( \frac{10}{15} \),times the top and bottom by 5,False_Misconception,Duplication,Duplication,P,Duplication confirmed by answer pattern. Some procedural language present but the computation did not produce a new value — student ended where they started. Procedural error.,,,,
18331,32833,Calculate \( \frac{2}{3} \times 5 \),\( \frac{10}{15} \),3 times 5 is 15 and 2 times 5 is 10,False_Misconception,Duplication,Duplication,P,Duplication confirmed by answer pattern. Some procedural language present but the computation did not produce a new value — student ended where they started. Procedural error.,,,,
18860,32833,Calculate \( \frac{2}{3} \times 5 \),\( \frac{10}{15} \),i think this because 2x5=10 and 3x5=15,False_Misconception,Duplication,Duplication,P,"Student echoed a value from the problem without performing a computation. Guess language present ('I think', 'not sure'). Procedural: student had no entry point into the problem and anchored on a visible number.",,,,
18601,32833,Calculate \( \frac{2}{3} \times 5 \),\( \frac{10}{15} \),because 2x5 is is 10 and 3x5 is 15 so it would be 10/15,False_Misconception,Duplication,Duplication,P,"Answer duplicates a value present in the problem (numerator, given number, or other visible quantity). No computational procedure visible in explanation. Procedural: student defaulted to what was available rather than deriving a new value.",,,,
27238,33474,"Sally has \( \frac{2}{3} \) of a whole cake in the fridge. Robert eats \( \frac{1}{3} \) of this piece. What fraction of the whole cake has Robert eaten?
Choose the number sentence that would solve the word problem.",\( \frac{2}{3}-\frac{1}{3} \),ate can mean subtract so this is why i believe this answer,False_Misconception,Subtraction,Subtraction,P,"Student explicitly describes a subtraction operation where multiplication or proportional reasoning was required. Procedural default — familiar operation applied to unfamiliar context. Check whether student understood this was a multiplication/fraction problem (if not, lean toward C).",,,,
27241,33474,"Sally has \( \frac{2}{3} \) of a whole cake in the fridge. Robert eats \( \frac{1}{3} \) of this piece. What fraction of the whole cake has Robert eaten?
Choose the number sentence that would solve the word problem.",\( \frac{2}{3}-\frac{1}{3} \),beacuse two thirds -one third =one third,False_Misconception,Subtraction,Subtraction,P,"Subtraction error confirmed by answer pattern. Explanation suggests the student applied a subtraction-based approach to a problem requiring a different operation. Likely procedural, but verify whether the student understood the problem type.",,,,
28074,33474,"Sally has \( \frac{2}{3} \) of a whole cake in the fridge. Robert eats \( \frac{1}{3} \) of this piece. What fraction of the whole cake has Robert eaten?
Choose the number sentence that would solve the word problem.",\( \frac{2}{3}-\frac{1}{3} \),to find the answer you must subtract the amount originally had by the amount taken away.,False_Misconception,Subtraction,Subtraction,P,"Student explicitly describes a subtraction operation where multiplication or proportional reasoning was required. Procedural default — familiar operation applied to unfamiliar context. Check whether student understood this was a multiplication/fraction problem (if not, lean toward C).",,,,
27293,33474,"Sally has \( \frac{2}{3} \) of a whole cake in the fridge. Robert eats \( \frac{1}{3} \) of this piece. What fraction of the whole cake has Robert eaten?
Choose the number sentence that would solve the word problem.",\( \frac{2}{3}-\frac{1}{3} \),because he eaten 1/3 so it would be 2/3 - 1/3,False_Misconception,Subtraction,Subtraction,P,"Subtraction error confirmed by answer pattern. Explanation suggests the student applied a subtraction-based approach to a problem requiring a different operation. Likely procedural, but verify whether the student understood the problem type.",,,,
27664,33474,"Sally has \( \frac{2}{3} \) of a whole cake in the fridge. Robert eats \( \frac{1}{3} \) of this piece. What fraction of the whole cake has Robert eaten?
Choose the number sentence that would solve the word problem.",\( \frac{2}{3}-\frac{1}{3} \),i know this is the answer as there was a a total amount and something is subtracted from it ! so u  just take away the  amount taken away from the total,False_Misconception,Subtraction,Subtraction,P,"Student explicitly describes a subtraction operation where multiplication or proportional reasoning was required. Procedural default — familiar operation applied to unfamiliar context. Check whether student understood this was a multiplication/fraction problem (if not, lean toward C).",,,,
27342,33474,"Sally has \( \frac{2}{3} \) of a whole cake in the fridge. Robert eats \( \frac{1}{3} \) of this piece. What fraction of the whole cake has Robert eaten?
Choose the number sentence that would solve the word problem.",\( \frac{2}{3}-\frac{1}{3} \),because if he eats 1/3 you would take it away from the 2/3,False_Misconception,Subtraction,Subtraction,P,"Subtraction error confirmed by answer pattern. Explanation suggests the student applied a subtraction-based approach to a problem requiring a different operation. Likely procedural, but verify whether the student understood the problem type.",,,,
28108,33474,"Sally has \( \frac{2}{3} \) of a whole cake in the fridge. Robert eats \( \frac{1}{3} \) of this piece. What fraction of the whole cake has Robert eaten?
Choose the number sentence that would solve the word problem.",\( \frac{2}{3}-\frac{1}{3} \),you have to take away 1/3,False_Misconception,Subtraction,Subtraction,P,"Student explicitly describes a subtraction operation where multiplication or proportional reasoning was required. Procedural default — familiar operation applied to unfamiliar context. Check whether student understood this was a multiplication/fraction problem (if not, lean toward C).",,,,
27594,33474,"Sally has \( \frac{2}{3} \) of a whole cake in the fridge. Robert eats \( \frac{1}{3} \) of this piece. What fraction of the whole cake has Robert eaten?
Choose the number sentence that would solve the word problem.",\( \frac{2}{3}-\frac{1}{3} \),d because she had 2/3rds to start and then robert ate 1/3 so 2-1=1,False_Misconception,Subtraction,Subtraction,P,"Subtraction error confirmed by answer pattern. Explanation suggests the student applied a subtraction-based approach to a problem requiring a different operation. Likely procedural, but verify whether the student understood the problem type.",,,,
27733,33474,"Sally has \( \frac{2}{3} \) of a whole cake in the fridge. Robert eats \( \frac{1}{3} \) of this piece. What fraction of the whole cake has Robert eaten?
Choose the number sentence that would solve the word problem.",\( \frac{2}{3}-\frac{1}{3} \),"i think this because
sally has 2/3 whereas robert eats 1/3 so the amount is getting smaller so you would subtract the two amounts.",False_Misconception,Subtraction,Subtraction,P,"Student explicitly describes a subtraction operation where multiplication or proportional reasoning was required. Procedural default — familiar operation applied to unfamiliar context. Check whether student understood this was a multiplication/fraction problem (if not, lean toward C).",,,,
27700,33474,"Sally has \( \frac{2}{3} \) of a whole cake in the fridge. Robert eats \( \frac{1}{3} \) of this piece. What fraction of the whole cake has Robert eaten?
Choose the number sentence that would solve the word problem.",\( \frac{2}{3}-\frac{1}{3} \),i think it is this because sally has 2/3 of a cake and robert eats 1/3 which means he took one away.,False_Misconception,Subtraction,Subtraction,P,"Subtraction error confirmed by answer pattern. Explanation suggests the student applied a subtraction-based approach to a problem requiring a different operation. Likely procedural, but verify whether the student understood the problem type.",,,,
27998,33474,"Sally has \( \frac{2}{3} \) of a whole cake in the fridge. Robert eats \( \frac{1}{3} \) of this piece. What fraction of the whole cake has Robert eaten?
Choose the number sentence that would solve the word problem.",\( \frac{2}{3}-\frac{1}{3} \),she has 2/3 and you take his 1/3 from that so its a minus,False_Misconception,Subtraction,Subtraction,P,"Student explicitly describes a subtraction operation where multiplication or proportional reasoning was required. Procedural default — familiar operation applied to unfamiliar context. Check whether student understood this was a multiplication/fraction problem (if not, lean toward C).",,,,
27621,33474,"Sally has \( \frac{2}{3} \) of a whole cake in the fridge. Robert eats \( \frac{1}{3} \) of this piece. What fraction of the whole cake has Robert eaten?
Choose the number sentence that would solve the word problem.",\( \frac{2}{3}-\frac{1}{3} \),he has eaten 1/3 and 1/3-2/3 =1/3  so there is one third left of the cake so the correct number sentencen is 2/3-1/3,False_Misconception,Subtraction,Subtraction,P,"Subtraction error confirmed by answer pattern. Explanation suggests the student applied a subtraction-based approach to a problem requiring a different operation. Likely procedural, but verify whether the student understood the problem type.",,,,
27927,33474,"Sally has \( \frac{2}{3} \) of a whole cake in the fridge. Robert eats \( \frac{1}{3} \) of this piece. What fraction of the whole cake has Robert eaten?
Choose the number sentence that would solve the word problem.",\( \frac{2}{3}-\frac{1}{3} \),it is d because when he eats something it goes away,False_Misconception,Subtraction,Subtraction,P,"Subtraction error confirmed by answer pattern. Explanation suggests the student applied a subtraction-based approach to a problem requiring a different operation. Likely procedural, but verify whether the student understood the problem type.",,,,
27537,33474,"Sally has \( \frac{2}{3} \) of a whole cake in the fridge. Robert eats \( \frac{1}{3} \) of this piece. What fraction of the whole cake has Robert eaten?
Choose the number sentence that would solve the word problem.",\( \frac{2}{3}-\frac{1}{3} \),because you do a takeaway because he eat so you will takeaway.,False_Misconception,Subtraction,Subtraction,P,"Subtraction error confirmed by answer pattern. Explanation suggests the student applied a subtraction-based approach to a problem requiring a different operation. Likely procedural, but verify whether the student understood the problem type.",,,,
27370,33474,"Sally has \( \frac{2}{3} \) of a whole cake in the fridge. Robert eats \( \frac{1}{3} \) of this piece. What fraction of the whole cake has Robert eaten?
Choose the number sentence that would solve the word problem.",\( \frac{2}{3}-\frac{1}{3} \),because if you eat a fraction of a cake you take it away,False_Misconception,Subtraction,Subtraction,P,"Subtraction error confirmed by answer pattern. Explanation suggests the student applied a subtraction-based approach to a problem requiring a different operation. Likely procedural, but verify whether the student understood the problem type.",,,,
26999,33474,"Sally has \( \frac{2}{3} \) of a whole cake in the fridge. Robert eats \( \frac{1}{3} \) of this piece. What fraction of the whole cake has Robert eaten?
Choose the number sentence that would solve the word problem.",\( \frac{1}{3}+\frac{2}{3} \),because it tells you how much the whole cake was then take 1/3 from that witch was 2/3,False_Misconception,Subtraction,Subtraction,P,"Subtraction error confirmed by answer pattern. Explanation suggests the student applied a subtraction-based approach to a problem requiring a different operation. Likely procedural, but verify whether the student understood the problem type.",,,,
27529,33474,"Sally has \( \frac{2}{3} \) of a whole cake in the fridge. Robert eats \( \frac{1}{3} \) of this piece. What fraction of the whole cake has Robert eaten?
Choose the number sentence that would solve the word problem.",\( \frac{2}{3}-\frac{1}{3} \),because you are taking away 2/3 from 1/3,False_Misconception,Subtraction,Subtraction,P,"Subtraction error confirmed by answer pattern. Explanation suggests the student applied a subtraction-based approach to a problem requiring a different operation. Likely procedural, but verify whether the student understood the problem type.",,,,
28065,33474,"Sally has \( \frac{2}{3} \) of a whole cake in the fridge. Robert eats \( \frac{1}{3} \) of this piece. What fraction of the whole cake has Robert eaten?
Choose the number sentence that would solve the word problem.",\( \frac{2}{3}-\frac{1}{3} \),this is because sally had 2/3 and 1/3 is taken away.,False_Misconception,Subtraction,Subtraction,P,"Subtraction error confirmed by answer pattern. Explanation suggests the student applied a subtraction-based approach to a problem requiring a different operation. Likely procedural, but verify whether the student understood the problem type.",,,,
27830,33474,"Sally has \( \frac{2}{3} \) of a whole cake in the fridge. Robert eats \( \frac{1}{3} \) of this piece. What fraction of the whole cake has Robert eaten?
Choose the number sentence that would solve the word problem.",\( \frac{2}{3}-\frac{1}{3} \),i think this because this is taking on 3 of the two thirds that were left so you take it away.,False_Misconception,Subtraction,Subtraction,P,"Subtraction error confirmed by answer pattern. Explanation suggests the student applied a subtraction-based approach to a problem requiring a different operation. Likely procedural, but verify whether the student understood the problem type.",,,,
27447,33474,"Sally has \( \frac{2}{3} \) of a whole cake in the fridge. Robert eats \( \frac{1}{3} \) of this piece. What fraction of the whole cake has Robert eaten?
Choose the number sentence that would solve the word problem.",\( \frac{2}{3}-\frac{1}{3} \),because sally had 2;3 of a cake and if robert eats  1;3 of a cake you need to subtract a 1;3 from 2;3,False_Misconception,Subtraction,Subtraction,P,"Student explicitly describes a subtraction operation where multiplication or proportional reasoning was required. Procedural default — familiar operation applied to unfamiliar context. Check whether student understood this was a multiplication/fraction problem (if not, lean toward C).",,,,
27791,33474,"Sally has \( \frac{2}{3} \) of a whole cake in the fridge. Robert eats \( \frac{1}{3} \) of this piece. What fraction of the whole cake has Robert eaten?
Choose the number sentence that would solve the word problem.",\( \frac{2}{3}-\frac{1}{3} \),i think this because robert ate one third of the cake so you do  two thirds subtract  one third.,False_Misconception,Subtraction,Subtraction,P,"Student explicitly describes a subtraction operation where multiplication or proportional reasoning was required. Procedural default — familiar operation applied to unfamiliar context. Check whether student understood this was a multiplication/fraction problem (if not, lean toward C).",,,,
27759,33474,"Sally has \( \frac{2}{3} \) of a whole cake in the fridge. Robert eats \( \frac{1}{3} \) of this piece. What fraction of the whole cake has Robert eaten?
Choose the number sentence that would solve the word problem.",\( \frac{2}{3}-\frac{1}{3} \),i think this because i know the answer is going to be 1/3 so i thought d because 2/3-1/3=1/3,False_Misconception,Subtraction,Subtraction,P,"Subtraction error confirmed by answer pattern. Explanation suggests the student applied a subtraction-based approach to a problem requiring a different operation. Likely procedural, but verify whether the student understood the problem type.",,,,
27279,33474,"Sally has \( \frac{2}{3} \) of a whole cake in the fridge. Robert eats \( \frac{1}{3} \) of this piece. What fraction of the whole cake has Robert eaten?
Choose the number sentence that would solve the word problem.",\( \frac{2}{3}-\frac{1}{3} \),because eaten=  -  and there's  one third left,False_Misconception,Subtraction,Subtraction,P,"Subtraction error confirmed by answer pattern. Explanation suggests the student applied a subtraction-based approach to a problem requiring a different operation. Likely procedural, but verify whether the student understood the problem type.",,,,
27559,33474,"Sally has \( \frac{2}{3} \) of a whole cake in the fridge. Robert eats \( \frac{1}{3} \) of this piece. What fraction of the whole cake has Robert eaten?
Choose the number sentence that would solve the word problem.",\( \frac{2}{3}-\frac{1}{3} \),because you take away what he ate,False_Misconception,Subtraction,Subtraction,P,"Student explicitly describes a subtraction operation where multiplication or proportional reasoning was required. Procedural default — familiar operation applied to unfamiliar context. Check whether student understood this was a multiplication/fraction problem (if not, lean toward C).",,,,
27251,33474,"Sally has \( \frac{2}{3} \) of a whole cake in the fridge. Robert eats \( \frac{1}{3} \) of this piece. What fraction of the whole cake has Robert eaten?
Choose the number sentence that would solve the word problem.",\( \frac{2}{3}-\frac{1}{3} \),because 1/3 was taken away from 2/3.,False_Misconception,Subtraction,Subtraction,P,"Subtraction error confirmed by answer pattern. Explanation suggests the student applied a subtraction-based approach to a problem requiring a different operation. Likely procedural, but verify whether the student understood the problem type.",,,,
27522,33474,"Sally has \( \frac{2}{3} \) of a whole cake in the fridge. Robert eats \( \frac{1}{3} \) of this piece. What fraction of the whole cake has Robert eaten?
Choose the number sentence that would solve the word problem.",\( \frac{2}{3}-\frac{1}{3} \),because when you minus 1 3rd from 2 3rds it equals 1 3rd,False_Misconception,Subtraction,Subtraction,P,"Student explicitly describes a subtraction operation where multiplication or proportional reasoning was required. Procedural default — familiar operation applied to unfamiliar context. Check whether student understood this was a multiplication/fraction problem (if not, lean toward C).",,,,
27987,33474,"Sally has \( \frac{2}{3} \) of a whole cake in the fridge. Robert eats \( \frac{1}{3} \) of this piece. What fraction of the whole cake has Robert eaten?
Choose the number sentence that would solve the word problem.",\( \frac{2}{3}-\frac{1}{3} \),sally has 2/3 and then you takeaway 1/3 to get to your answer,False_Misconception,Subtraction,Subtraction,P,"Subtraction error confirmed by answer pattern. Explanation suggests the student applied a subtraction-based approach to a problem requiring a different operation. Likely procedural, but verify whether the student understood the problem type.",,,,
27560,33474,"Sally has \( \frac{2}{3} \) of a whole cake in the fridge. Robert eats \( \frac{1}{3} \) of this piece. What fraction of the whole cake has Robert eaten?
Choose the number sentence that would solve the word problem.",\( \frac{2}{3}-\frac{1}{3} \),because you take away your answer,False_Misconception,Subtraction,Subtraction,P,"Student explicitly describes a subtraction operation where multiplication or proportional reasoning was required. Procedural default — familiar operation applied to unfamiliar context. Check whether student understood this was a multiplication/fraction problem (if not, lean toward C).",,,,
27767,33474,"Sally has \( \frac{2}{3} \) of a whole cake in the fridge. Robert eats \( \frac{1}{3} \) of this piece. What fraction of the whole cake has Robert eaten?
Choose the number sentence that would solve the word problem.",\( \frac{2}{3}-\frac{1}{3} \),i think this because if sally has 2/3 of the cake and if robert eats 1/3 it would be 1/3,False_Misconception,Subtraction,Subtraction,P,"Subtraction error confirmed by answer pattern. Explanation suggests the student applied a subtraction-based approach to a problem requiring a different operation. Likely procedural, but verify whether the student understood the problem type.",,,,
27946,33474,"Sally has \( \frac{2}{3} \) of a whole cake in the fridge. Robert eats \( \frac{1}{3} \) of this piece. What fraction of the whole cake has Robert eaten?
Choose the number sentence that would solve the word problem.",\( \frac{2}{3}-\frac{1}{3} \),it would be subtract because he has taken it and eaten it,False_Misconception,Subtraction,Subtraction,P,"Student explicitly describes a subtraction operation where multiplication or proportional reasoning was required. Procedural default — familiar operation applied to unfamiliar context. Check whether student understood this was a multiplication/fraction problem (if not, lean toward C).",,,,
32316,89443,"What number belongs in the box?
\(
(-8)-(-5)=
\square\)",\( 3 \),the reason is that two minuses make a positive so the answer will be positive and the question is asking you to subtract 8 from 5 so your answer is 3.,False_Misconception,Positive,Positive,C,Student's explanation reveals confusion about the directionality of negative number operations — treating subtraction of a negative as 'going more negative' rather than 'going less negative.' Conceptual: the number line model for signed numbers is not established.,,,,
32315,89443,"What number belongs in the box?
\(
(-8)-(-5)=
\square\)",\( 3 \),the arrow will change directions whichh will leave it as a positive.,False_Misconception,Positive,Positive,C,Student's explanation reveals confusion about the directionality of negative number operations — treating subtraction of a negative as 'going more negative' rather than 'going less negative.' Conceptual: the number line model for signed numbers is not established.,,,,
32279,89443,"What number belongs in the box?
\(
(-8)-(-5)=
\square\)",\( 3 \),it's positive 3 because negative is add  so (-8) - (-5)=3,False_Misconception,Positive,Positive,C,Student's explanation reveals confusion about the directionality of negative number operations — treating subtraction of a negative as 'going more negative' rather than 'going less negative.' Conceptual: the number line model for signed numbers is not established.,,,,
31744,89443,"What number belongs in the box?
\(
(-8)-(-5)=
\square\)",\( 13 \),i think this because 2 negatives added make a positive,False_Misconception,Positive,Positive,C,Student's explanation reveals confusion about the directionality of negative number operations — treating subtraction of a negative as 'going more negative' rather than 'going less negative.' Conceptual: the number line model for signed numbers is not established.,,,,
32286,89443,"What number belongs in the box?
\(
(-8)-(-5)=
\square\)",\( 3 \),negative - negative is a positive,False_Misconception,Positive,Positive,C,Student's explanation reveals confusion about the directionality of negative number operations — treating subtraction of a negative as 'going more negative' rather than 'going less negative.' Conceptual: the number line model for signed numbers is not established.,,,,
32213,89443,"What number belongs in the box?
\(
(-8)-(-5)=
\square\)",\( 3 \),"i think this because if you have two negative numbers and you need to subtract them both, then they are positive numbers.",False_Misconception,Positive,Positive,C,Student's explanation reveals confusion about the directionality of negative number operations — treating subtraction of a negative as 'going more negative' rather than 'going less negative.' Conceptual: the number line model for signed numbers is not established.,,,,
31868,89443,"What number belongs in the box?
\(
(-8)-(-5)=
\square\)",\( 13 \),two negatives make a positive therefore you add,False_Misconception,Positive,Positive,C,Student attempted to recall the 'two negatives make a positive' rule but applied it incorrectly. Conceptual: memorized rule without understanding the underlying structure of signed number operations.,,,,
31761,89443,"What number belongs in the box?
\(
(-8)-(-5)=
\square\)",\( 13 \),i think this because when you minus a minus the number will be higher,False_Misconception,Positive,Positive,C,Student's explanation reveals confusion about the directionality of negative number operations — treating subtraction of a negative as 'going more negative' rather than 'going less negative.' Conceptual: the number line model for signed numbers is not established.,,,,
32224,89443,"What number belongs in the box?
\(
(-8)-(-5)=
\square\)",\( 3 \),i think this because when two negatives touch it becomes a positive,False_Misconception,Positive,Positive,C,Student attempted to recall the 'two negatives make a positive' rule but applied it incorrectly. Conceptual: memorized rule without understanding the underlying structure of signed number operations.,,,,
32021,89443,"What number belongs in the box?
\(
(-8)-(-5)=
\square\)",\( 3 \),a negative minuce a negative will be positive,False_Misconception,Positive,Positive,C,Student's explanation reveals confusion about the directionality of negative number operations — treating subtraction of a negative as 'going more negative' rather than 'going less negative.' Conceptual: the number line model for signed numbers is not established.,,,,
31709,89443,"What number belongs in the box?
\(
(-8)-(-5)=
\square\)",\( 13 \),"for example, two negatives make a positive.",False_Misconception,Positive,Positive,C,Student attempted to recall the 'two negatives make a positive' rule but applied it incorrectly. Conceptual: memorized rule without understanding the underlying structure of signed number operations.,,,,
31512,89443,"What number belongs in the box?
\(
(-8)-(-5)=
\square\)",\( 13 \),-two negative numbers is the ssme as +two positive numbers,False_Misconception,Positive,Positive,C,Student's explanation reveals confusion about the directionality of negative number operations — treating subtraction of a negative as 'going more negative' rather than 'going less negative.' Conceptual: the number line model for signed numbers is not established.,,,,
31620,89443,"What number belongs in the box?
\(
(-8)-(-5)=
\square\)",\( 13 \),because 2 minuses is + so 8 +5 is 13,False_Misconception,Positive,Positive,C,Student's explanation reveals confusion about the directionality of negative number operations — treating subtraction of a negative as 'going more negative' rather than 'going less negative.' Conceptual: the number line model for signed numbers is not established.,,,,
31775,89443,"What number belongs in the box?
\(
(-8)-(-5)=
\square\)",\( 13 \),if they are both negative it gives you a positive.,False_Misconception,Positive,Positive,C,Student's explanation reveals confusion about the directionality of negative number operations — treating subtraction of a negative as 'going more negative' rather than 'going less negative.' Conceptual: the number line model for signed numbers is not established.,,,,
31677,89443,"What number belongs in the box?
\(
(-8)-(-5)=
\square\)",\( 13 \),because two negatives make a positive.,False_Misconception,Positive,Positive,C,Student attempted to recall the 'two negatives make a positive' rule but applied it incorrectly. Conceptual: memorized rule without understanding the underlying structure of signed number operations.,,,,
32120,89443,"What number belongs in the box?
\(
(-8)-(-5)=
\square\)",\( 3 \),because two negatives makes a positive,False_Misconception,Positive,Positive,C,Student attempted to recall the 'two negatives make a positive' rule but applied it incorrectly. Conceptual: memorized rule without understanding the underlying structure of signed number operations.,,,,
31625,89443,"What number belongs in the box?
\(
(-8)-(-5)=
\square\)",\( 13 \),because 2 negatives make 1 positive.,False_Misconception,Positive,Positive,C,Student's explanation reveals confusion about the directionality of negative number operations — treating subtraction of a negative as 'going more negative' rather than 'going less negative.' Conceptual: the number line model for signed numbers is not established.,,,,
31813,89443,"What number belongs in the box?
\(
(-8)-(-5)=
\square\)",\( 13 \),negatice numbers adding makes them positive,False_Misconception,Positive,Positive,C,Student's explanation reveals confusion about the directionality of negative number operations — treating subtraction of a negative as 'going more negative' rather than 'going less negative.' Conceptual: the number line model for signed numbers is not established.,,,,
32126,89443,"What number belongs in the box?
\(
(-8)-(-5)=
\square\)",\( 3 \),because when you minus using a negativee number you go in the positive direction.,False_Misconception,Positive,Positive,C,Student's explanation reveals confusion about the directionality of negative number operations — treating subtraction of a negative as 'going more negative' rather than 'going less negative.' Conceptual: the number line model for signed numbers is not established.,,,,
32302,89443,"What number belongs in the box?
\(
(-8)-(-5)=
\square\)",\( 3 \),subtracting a negative number is the same as adding a positive number.,False_Misconception,Positive,Positive,C,Student's explanation reveals confusion about the directionality of negative number operations — treating subtraction of a negative as 'going more negative' rather than 'going less negative.' Conceptual: the number line model for signed numbers is not established.,,,,
31598,89443,"What number belongs in the box?
\(
(-8)-(-5)=
\square\)",\( 13 \),add a negativr = positive,False_Misconception,Positive,Positive,C,Student's explanation reveals confusion about the directionality of negative number operations — treating subtraction of a negative as 'going more negative' rather than 'going less negative.' Conceptual: the number line model for signed numbers is not established.,,,,
31616,89443,"What number belongs in the box?
\(
(-8)-(-5)=
\square\)",\( 13 \),because - and a - is + so 8+5 is 13,False_Misconception,Positive,Positive,C,"Positive/negative sign error confirmed by answer. Student ignored or incorrectly handled a negative sign. Conceptual: without an explanation revealing a correct procedure, the default classification is a conceptual gap in signed number understanding.",,,,
31657,89443,"What number belongs in the box?
\(
(-8)-(-5)=
\square\)",\( 13 \),because to negative numbers equal positive number,False_Misconception,Positive,Positive,C,Student's explanation reveals confusion about the directionality of negative number operations — treating subtraction of a negative as 'going more negative' rather than 'going less negative.' Conceptual: the number line model for signed numbers is not established.,,,,
31693,89443,"What number belongs in the box?
\(
(-8)-(-5)=
\square\)",\( 13 \),because when there is two minuses it becomes a plus,False_Misconception,Positive,Positive,C,Student's explanation reveals confusion about the directionality of negative number operations — treating subtraction of a negative as 'going more negative' rather than 'going less negative.' Conceptual: the number line model for signed numbers is not established.,,,,
31764,89443,"What number belongs in the box?
\(
(-8)-(-5)=
\square\)",\( 13 \),i think this is because two negatives equals one positive.,False_Misconception,Positive,Positive,C,Student attempted to recall the 'two negatives make a positive' rule but applied it incorrectly. Conceptual: memorized rule without understanding the underlying structure of signed number operations.,,,,
32344,89443,"What number belongs in the box?
\(
(-8)-(-5)=
\square\)",\( 3 \),when subtracting negatives it ends in a positive.,False_Misconception,Positive,Positive,C,Student's explanation reveals confusion about the directionality of negative number operations — treating subtraction of a negative as 'going more negative' rather than 'going less negative.' Conceptual: the number line model for signed numbers is not established.,,,,
31639,89443,"What number belongs in the box?
\(
(-8)-(-5)=
\square\)",\( 13 \),because if there is two negatives = to a positive,False_Misconception,Positive,Positive,C,Student attempted to recall the 'two negatives make a positive' rule but applied it incorrectly. Conceptual: memorized rule without understanding the underlying structure of signed number operations.,,,,
29407,89443,"What number belongs in the box?
\(
(-8)-(-5)=
\square\)",\( -13 \),And the minuses add up.,False_Misconception,Positive,Positive,C,Student's explanation reveals confusion about the directionality of negative number operations — treating subtraction of a negative as 'going more negative' rather than 'going less negative.' Conceptual: the number line model for signed numbers is not established.,,,,
31563,89443,"What number belongs in the box?
\(
(-8)-(-5)=
\square\)",\( 13 \),If you have 3 negatives it makes 1 positive so you needd to add 8+5= 13.,False_Misconception,Positive,Positive,C,Student's explanation reveals confusion about the directionality of negative number operations — treating subtraction of a negative as 'going more negative' rather than 'going less negative.' Conceptual: the number line model for signed numbers is not established.,,,,
31694,89443,"What number belongs in the box?
\(
(-8)-(-5)=
\square\)",\( 13 \),because when two negatives subtract each other you get a positive,False_Misconception,Positive,Positive,C,Student attempted to recall the 'two negatives make a positive' rule but applied it incorrectly. Conceptual: memorized rule without understanding the underlying structure of signed number operations.,,,,
32654,91695,"Dots have been arranged in these patterns: [Image: Pattern 1 consists of 6 dots, Pattern 2 consists of 10 dots, Pattern 3 consists of 14 dots and Pattern 4 consists of 18 dots] How many dots would there be in Pattern \( 6 \) ?",\( 22 \),because for each pattern you addd 4.,False_Misconception,Wrong_term,Wrong_term,A,Insufficient context to determine whether the wrong term reflects a conceptual gap or a vocabulary-only error. Review needed: check whether the student's described procedure is correct. If yes → P. If no → C.,,,,
32655,91695,"Dots have been arranged in these patterns: [Image: Pattern 1 consists of 6 dots, Pattern 2 consists of 10 dots, Pattern 3 consists of 14 dots and Pattern 4 consists of 18 dots] How many dots would there be in Pattern \( 6 \) ?",\( 22 \),"because for every sequence, it's plus 4.",False_Misconception,Wrong_term,Wrong_term,A,Insufficient context to determine whether the wrong term reflects a conceptual gap or a vocabulary-only error. Review needed: check whether the student's described procedure is correct. If yes → P. If no → C.,,,,
33072,91695,"Dots have been arranged in these patterns: [Image: Pattern 1 consists of 6 dots, Pattern 2 consists of 10 dots, Pattern 3 consists of 14 dots and Pattern 4 consists of 18 dots] How many dots would there be in Pattern \( 6 \) ?",\( 22 \),"the pattern is +4, soz but i'm actually bored from counting",False_Misconception,Wrong_term,Wrong_term,A,Insufficient context to determine whether the wrong term reflects a conceptual gap or a vocabulary-only error. Review needed: check whether the student's described procedure is correct. If yes → P. If no → C.,,,,
32490,91695,"Dots have been arranged in these patterns: [Image: Pattern 1 consists of 6 dots, Pattern 2 consists of 10 dots, Pattern 3 consists of 14 dots and Pattern 4 consists of 18 dots] How many dots would there be in Pattern \( 6 \) ?",\( 22 \),As the nth number is +4 so patterm 5 would be 18+4=22,False_Misconception,Wrong_term,Wrong_term,A,Insufficient context to determine whether the wrong term reflects a conceptual gap or a vocabulary-only error. Review needed: check whether the student's described procedure is correct. If yes → P. If no → C.,,,,
32768,91695,"Dots have been arranged in these patterns: [Image: Pattern 1 consists of 6 dots, Pattern 2 consists of 10 dots, Pattern 3 consists of 14 dots and Pattern 4 consists of 18 dots] How many dots would there be in Pattern \( 6 \) ?",\( 22 \),because youu add 4 after each pattern,False_Misconception,Wrong_term,Wrong_term,A,Insufficient context to determine whether the wrong term reflects a conceptual gap or a vocabulary-only error. Review needed: check whether the student's described procedure is correct. If yes → P. If no → C.,,,,
32512,91695,"Dots have been arranged in these patterns: [Image: Pattern 1 consists of 6 dots, Pattern 2 consists of 10 dots, Pattern 3 consists of 14 dots and Pattern 4 consists of 18 dots] How many dots would there be in Pattern \( 6 \) ?",\( 22 \),"I believe the answer is four multiplied by five equals twenty, and if you add two it will equal 22.",False_Misconception,Wrong_term,Wrong_term,A,Insufficient context to determine whether the wrong term reflects a conceptual gap or a vocabulary-only error. Review needed: check whether the student's described procedure is correct. If yes → P. If no → C.,,,,
32965,91695,"Dots have been arranged in these patterns: [Image: Pattern 1 consists of 6 dots, Pattern 2 consists of 10 dots, Pattern 3 consists of 14 dots and Pattern 4 consists of 18 dots] How many dots would there be in Pattern \( 6 \) ?",\( 22 \),"if you added up the dots from patturn 4 to the next pat turn you have 18, so for the other pattan just add four with 18 and you get the answere 22",False_Misconception,Wrong_term,Wrong_term,A,Insufficient context to determine whether the wrong term reflects a conceptual gap or a vocabulary-only error. Review needed: check whether the student's described procedure is correct. If yes → P. If no → C.,,,,
32978,91695,"Dots have been arranged in these patterns: [Image: Pattern 1 consists of 6 dots, Pattern 2 consists of 10 dots, Pattern 3 consists of 14 dots and Pattern 4 consists of 18 dots] How many dots would there be in Pattern \( 6 \) ?",\( 22 \),it adds on 4 every time,False_Misconception,Wrong_term,Wrong_term,A,Insufficient context to determine whether the wrong term reflects a conceptual gap or a vocabulary-only error. Review needed: check whether the student's described procedure is correct. If yes → P. If no → C.,,,,
32540,91695,"Dots have been arranged in these patterns: [Image: Pattern 1 consists of 6 dots, Pattern 2 consists of 10 dots, Pattern 3 consists of 14 dots and Pattern 4 consists of 18 dots] How many dots would there be in Pattern \( 6 \) ?",\( 22 \),"If you want to add four, you should just multiply the first number by 4.",False_Misconception,Wrong_term,Wrong_term,A,Insufficient context to determine whether the wrong term reflects a conceptual gap or a vocabulary-only error. Review needed: check whether the student's described procedure is correct. If yes → P. If no → C.,,,,
33157,91695,"Dots have been arranged in these patterns: [Image: Pattern 1 consists of 6 dots, Pattern 2 consists of 10 dots, Pattern 3 consists of 14 dots and Pattern 4 consists of 18 dots] How many dots would there be in Pattern \( 6 \) ?",\( 22 \),you add 4 every time so 18 plus 4 is 22.,False_Misconception,Wrong_term,Wrong_term,A,Insufficient context to determine whether the wrong term reflects a conceptual gap or a vocabulary-only error. Review needed: check whether the student's described procedure is correct. If yes → P. If no → C.,,,,
32639,91695,"Dots have been arranged in these patterns: [Image: Pattern 1 consists of 6 dots, Pattern 2 consists of 10 dots, Pattern 3 consists of 14 dots and Pattern 4 consists of 18 dots] How many dots would there be in Pattern \( 6 \) ?",\( 22 \),because each time 4 dots are added.,False_Misconception,Wrong_term,Wrong_term,A,Insufficient context to determine whether the wrong term reflects a conceptual gap or a vocabulary-only error. Review needed: check whether the student's described procedure is correct. If yes → P. If no → C.,,,,
32731,91695,"Dots have been arranged in these patterns: [Image: Pattern 1 consists of 6 dots, Pattern 2 consists of 10 dots, Pattern 3 consists of 14 dots and Pattern 4 consists of 18 dots] How many dots would there be in Pattern \( 6 \) ?",\( 22 \),because the sequence increases by 4,False_Misconception,Wrong_term,Wrong_term,A,Insufficient context to determine whether the wrong term reflects a conceptual gap or a vocabulary-only error. Review needed: check whether the student's described procedure is correct. If yes → P. If no → C.,,,,
32527,91695,"Dots have been arranged in these patterns: [Image: Pattern 1 consists of 6 dots, Pattern 2 consists of 10 dots, Pattern 3 consists of 14 dots and Pattern 4 consists of 18 dots] How many dots would there be in Pattern \( 6 \) ?",\( 22 \),"I knew the next sequence would be 22 as the previous one was 18 so once I got the general progression of the pattern, it made things easier.",False_Misconception,Wrong_term,Wrong_term,A,Insufficient context to determine whether the wrong term reflects a conceptual gap or a vocabulary-only error. Review needed: check whether the student's described procedure is correct. If yes → P. If no → C.,,,,
32905,91695,"Dots have been arranged in these patterns: [Image: Pattern 1 consists of 6 dots, Pattern 2 consists of 10 dots, Pattern 3 consists of 14 dots and Pattern 4 consists of 18 dots] How many dots would there be in Pattern \( 6 \) ?",\( 22 \),"i think that it is 22 because the sequence follows the expression 4n+2. therefore, the 5th term will go 4*5+2. this equation gives you the answer of 22.",False_Misconception,Wrong_term,Wrong_term,A,Insufficient context to determine whether the wrong term reflects a conceptual gap or a vocabulary-only error. Review needed: check whether the student's described procedure is correct. If yes → P. If no → C.,,,,
32710,91695,"Dots have been arranged in these patterns: [Image: Pattern 1 consists of 6 dots, Pattern 2 consists of 10 dots, Pattern 3 consists of 14 dots and Pattern 4 consists of 18 dots] How many dots would there be in Pattern \( 6 \) ?",\( 22 \),because it’s increasing by 4 each time,False_Misconception,Wrong_term,Wrong_term,A,Insufficient context to determine whether the wrong term reflects a conceptual gap or a vocabulary-only error. Review needed: check whether the student's described procedure is correct. If yes → P. If no → C.,,,,
32630,91695,"Dots have been arranged in these patterns: [Image: Pattern 1 consists of 6 dots, Pattern 2 consists of 10 dots, Pattern 3 consists of 14 dots and Pattern 4 consists of 18 dots] How many dots would there be in Pattern \( 6 \) ?",\( 22 \),because 4 is being added on so 18+4=22,False_Misconception,Wrong_term,Wrong_term,A,Insufficient context to determine whether the wrong term reflects a conceptual gap or a vocabulary-only error. Review needed: check whether the student's described procedure is correct. If yes → P. If no → C.,,,,
32668,91695,"Dots have been arranged in these patterns: [Image: Pattern 1 consists of 6 dots, Pattern 2 consists of 10 dots, Pattern 3 consists of 14 dots and Pattern 4 consists of 18 dots] How many dots would there be in Pattern \( 6 \) ?",\( 22 \),because if you find out how much the diffrance in patten 3 and 4 you get 4 so then you would add 4 from 18 and get 22,False_Misconception,Wrong_term,Wrong_term,A,Insufficient context to determine whether the wrong term reflects a conceptual gap or a vocabulary-only error. Review needed: check whether the student's described procedure is correct. If yes → P. If no → C.,,,,
32624,91695,"Dots have been arranged in these patterns: [Image: Pattern 1 consists of 6 dots, Pattern 2 consists of 10 dots, Pattern 3 consists of 14 dots and Pattern 4 consists of 18 dots] How many dots would there be in Pattern \( 6 \) ?",\( 22 \),bc there's 5 4 times so u do 5 x 4 and then add 2 because u go up 1 every time,False_Misconception,Wrong_term,Wrong_term,A,Insufficient context to determine whether the wrong term reflects a conceptual gap or a vocabulary-only error. Review needed: check whether the student's described procedure is correct. If yes → P. If no → C.,,,,
32399,91695,"Dots have been arranged in these patterns: [Image: Pattern 1 consists of 6 dots, Pattern 2 consists of 10 dots, Pattern 3 consists of 14 dots and Pattern 4 consists of 18 dots] How many dots would there be in Pattern \( 6 \) ?",\( 20 \),because t goes up in 4 every time,False_Misconception,Wrong_term,Wrong_term,A,Insufficient context to determine whether the wrong term reflects a conceptual gap or a vocabulary-only error. Review needed: check whether the student's described procedure is correct. If yes → P. If no → C.,,,,
32531,91695,"Dots have been arranged in these patterns: [Image: Pattern 1 consists of 6 dots, Pattern 2 consists of 10 dots, Pattern 3 consists of 14 dots and Pattern 4 consists of 18 dots] How many dots would there be in Pattern \( 6 \) ?",\( 22 \),I think this because the number of dots in each pattern increases by 4 every time.,False_Misconception,Wrong_term,Wrong_term,A,Insufficient context to determine whether the wrong term reflects a conceptual gap or a vocabulary-only error. Review needed: check whether the student's described procedure is correct. If yes → P. If no → C.,,,,
32870,91695,"Dots have been arranged in these patterns: [Image: Pattern 1 consists of 6 dots, Pattern 2 consists of 10 dots, Pattern 3 consists of 14 dots and Pattern 4 consists of 18 dots] How many dots would there be in Pattern \( 6 \) ?",\( 22 \),i looked carefully and relised it was going up by 4 each time so i added 4 to patter 4 and got the answer 22,False_Misconception,Wrong_term,Wrong_term,A,Insufficient context to determine whether the wrong term reflects a conceptual gap or a vocabulary-only error. Review needed: check whether the student's described procedure is correct. If yes → P. If no → C.,,,,
32756,91695,"Dots have been arranged in these patterns: [Image: Pattern 1 consists of 6 dots, Pattern 2 consists of 10 dots, Pattern 3 consists of 14 dots and Pattern 4 consists of 18 dots] How many dots would there be in Pattern \( 6 \) ?",\( 22 \),because you add 4 on each time,False_Misconception,Wrong_term,Wrong_term,A,Insufficient context to determine whether the wrong term reflects a conceptual gap or a vocabulary-only error. Review needed: check whether the student's described procedure is correct. If yes → P. If no → C.,,,,
32670,91695,"Dots have been arranged in these patterns: [Image: Pattern 1 consists of 6 dots, Pattern 2 consists of 10 dots, Pattern 3 consists of 14 dots and Pattern 4 consists of 18 dots] How many dots would there be in Pattern \( 6 \) ?",\( 22 \),because in each pattern is goingg up by 4 each time so it is 22,False_Misconception,Wrong_term,Wrong_term,A,Insufficient context to determine whether the wrong term reflects a conceptual gap or a vocabulary-only error. Review needed: check whether the student's described procedure is correct. If yes → P. If no → C.,,,,
32394,91695,"Dots have been arranged in these patterns: [Image: Pattern 1 consists of 6 dots, Pattern 2 consists of 10 dots, Pattern 3 consists of 14 dots and Pattern 4 consists of 18 dots] How many dots would there be in Pattern \( 6 \) ?",\( 20 \),because it goes up by 4 each time,False_Misconception,Wrong_term,Wrong_term,A,Insufficient context to determine whether the wrong term reflects a conceptual gap or a vocabulary-only error. Review needed: check whether the student's described procedure is correct. If yes → P. If no → C.,,,,
32684,91695,"Dots have been arranged in these patterns: [Image: Pattern 1 consists of 6 dots, Pattern 2 consists of 10 dots, Pattern 3 consists of 14 dots and Pattern 4 consists of 18 dots] How many dots would there be in Pattern \( 6 \) ?",\( 22 \),because it adds up 4 more times,False_Misconception,Wrong_term,Wrong_term,A,Insufficient context to determine whether the wrong term reflects a conceptual gap or a vocabulary-only error. Review needed: check whether the student's described procedure is correct. If yes → P. If no → C.,,,,
32790,91695,"Dots have been arranged in these patterns: [Image: Pattern 1 consists of 6 dots, Pattern 2 consists of 10 dots, Pattern 3 consists of 14 dots and Pattern 4 consists of 18 dots] How many dots would there be in Pattern \( 6 \) ?",\( 22 \),each one adds 4 to it,False_Misconception,Wrong_term,Wrong_term,A,Insufficient context to determine whether the wrong term reflects a conceptual gap or a vocabulary-only error. Review needed: check whether the student's described procedure is correct. If yes → P. If no → C.,,,,
32672,91695,"Dots have been arranged in these patterns: [Image: Pattern 1 consists of 6 dots, Pattern 2 consists of 10 dots, Pattern 3 consists of 14 dots and Pattern 4 consists of 18 dots] How many dots would there be in Pattern \( 6 \) ?",\( 22 \),because in this one you are only adding 4 at a time.,False_Misconception,Wrong_term,Wrong_term,A,Insufficient context to determine whether the wrong term reflects a conceptual gap or a vocabulary-only error. Review needed: check whether the student's described procedure is correct. If yes → P. If no → C.,,,,
32882,91695,"Dots have been arranged in these patterns: [Image: Pattern 1 consists of 6 dots, Pattern 2 consists of 10 dots, Pattern 3 consists of 14 dots and Pattern 4 consists of 18 dots] How many dots would there be in Pattern \( 6 \) ?",\( 22 \),i think because you can get the next pattern by multiplying by 4 and adding 2 eachh time,False_Misconception,Wrong_term,Wrong_term,A,Insufficient context to determine whether the wrong term reflects a conceptual gap or a vocabulary-only error. Review needed: check whether the student's described procedure is correct. If yes → P. If no → C.,,,,
33058,91695,"Dots have been arranged in these patterns: [Image: Pattern 1 consists of 6 dots, Pattern 2 consists of 10 dots, Pattern 3 consists of 14 dots and Pattern 4 consists of 18 dots] How many dots would there be in Pattern \( 6 \) ?",\( 22 \),"the bottom row is increasing by 1 every time and another column of 3 is beimg added everytime, meaning you add 4.",False_Misconception,Wrong_term,Wrong_term,A,Insufficient context to determine whether the wrong term reflects a conceptual gap or a vocabulary-only error. Review needed: check whether the student's described procedure is correct. If yes → P. If no → C.,,,,
32550,91695,"Dots have been arranged in these patterns: [Image: Pattern 1 consists of 6 dots, Pattern 2 consists of 10 dots, Pattern 3 consists of 14 dots and Pattern 4 consists of 18 dots] How many dots would there be in Pattern \( 6 \) ?",\( 22 \),It goes up by 4 each time you do it.,False_Misconception,Wrong_term,Wrong_term,A,Insufficient context to determine whether the wrong term reflects a conceptual gap or a vocabulary-only error. Review needed: check whether the student's described procedure is correct. If yes → P. If no → C.,,,,
8784,31777,"A box contains \( 120 \) counters. The counters are red or blue. \( \frac{3}{5} \) of the counters are red.
How many red counters are there?",\( 60 \),I think this because 60 is the only one in the fives and it can go up to 120.,False_Misconception,Irrelevant,Irrelevant — content-free,M,"Explanation contains no mathematical content — too short, vague, or off-topic to reveal anything about the student's thinking. Undiagnosable.",,,,
11305,31778,\( \frac{A}{10}=\frac{9}{15} \) What is the value of \( A \) ?,\( 3 \),i think this is because 9 and 15 is in the 3 multiple.,False_Misconception,Irrelevant,Irrelevant — vague,M,Explanation references the problem but provides no diagnostic information about the student's mathematical reasoning. Undiagnosable from written explanation alone.,,,,
13598,31778,\( \frac{A}{10}=\frac{9}{15} \) What is the value of \( A \) ?,\( 6 \),"The denominators seem to be following the 5 times table so if this was a pattern, the fraction before would be ⅗ and the numerators seem to be following the 3 times table. Ergo, the middle fraction should be 6/10.",True_Misconception,Irrelevant,Irrelevant — vague,M,Explanation references the problem but provides no diagnostic information about the student's mathematical reasoning. Undiagnosable from written explanation alone.,,,,
10829,31778,\( \frac{A}{10}=\frac{9}{15} \) What is the value of \( A \) ?,\( 3 \),9 and 15 are in the same timetable,False_Misconception,Irrelevant,Irrelevant — content-free,M,"Explanation contains no mathematical content — too short, vague, or off-topic to reveal anything about the student's thinking. Undiagnosable.",,,,
11255,31778,\( \frac{A}{10}=\frac{9}{15} \) What is the value of \( A \) ?,\( 3 \),i think because 3 can go into 15 5 times,False_Misconception,Irrelevant,Irrelevant — content-free,M,"Explanation contains no mathematical content — too short, vague, or off-topic to reveal anything about the student's thinking. Undiagnosable.",,,,
10999,31778,\( \frac{A}{10}=\frac{9}{15} \) What is the value of \( A \) ?,\( 3 \),I think this because 3 times 3=9 and 5 times 3=15 and 10 is a multipule of 10,False_Misconception,Irrelevant,Irrelevant — content-free,M,"Explanation contains no mathematical content — too short, vague, or off-topic to reveal anything about the student's thinking. Undiagnosable.",,,,
11288,31778,\( \frac{A}{10}=\frac{9}{15} \) What is the value of \( A \) ?,\( 3 \),i think this because 5x3 is 15 and 10 is a factor of 5 which means that  a = 3,False_Misconception,Irrelevant,Irrelevant — vague,M,Explanation references the problem but provides no diagnostic information about the student's mathematical reasoning. Undiagnosable from written explanation alone.,,,,
11059,31778,\( \frac{A}{10}=\frac{9}{15} \) What is the value of \( A \) ?,\( 3 \),I've already triedd 4 but it wasn't that so i knew the closest number to 4 is 3 so I did 3,False_Misconception,Irrelevant,Irrelevant — vague,M,Explanation references the problem but provides no diagnostic information about the student's mathematical reasoning. Undiagnosable from written explanation alone.,,,,
10971,31778,\( \frac{A}{10}=\frac{9}{15} \) What is the value of \( A \) ?,\( 3 \),I think it is a because 9 divided by 3 is three,False_Misconception,Irrelevant,Irrelevant — vague,M,Explanation references the problem but provides no diagnostic information about the student's mathematical reasoning. Undiagnosable from written explanation alone.,,,,
10806,31778,\( \frac{A}{10}=\frac{9}{15} \) What is the value of \( A \) ?,\( 3 \),3 is the only number that gies into 9 and 15 without a remainder.,False_Misconception,Irrelevant,Irrelevant — vague,M,Explanation references the problem but provides no diagnostic information about the student's mathematical reasoning. Undiagnosable from written explanation alone.,,,,
11271,31778,\( \frac{A}{10}=\frac{9}{15} \) What is the value of \( A \) ?,\( 3 \),i think that it's  3 because 3 goes in 9,False_Misconception,Irrelevant,Irrelevant — content-free,M,"Explanation contains no mathematical content — too short, vague, or off-topic to reveal anything about the student's thinking. Undiagnosable.",,,,
8671,31777,"A box contains \( 120 \) counters. The counters are red or blue. \( \frac{3}{5} \) of the counters are red.
How many red counters are there?",\( 60 \),Because 3/5 as a decimal would be 0.6 so as a number it could be 60 in this case.,False_Misconception,Irrelevant,Irrelevant — vague,M,Explanation references the problem but provides no diagnostic information about the student's mathematical reasoning. Undiagnosable from written explanation alone.,,,,
10876,31778,\( \frac{A}{10}=\frac{9}{15} \) What is the value of \( A \) ?,\( 3 \),Because 9 is in the three times tables and 15 is in the three times table so i think its 3,False_Misconception,Irrelevant,Irrelevant — content-free,M,"Explanation contains no mathematical content — too short, vague, or off-topic to reveal anything about the student's thinking. Undiagnosable.",,,,
11041,31778,\( \frac{A}{10}=\frac{9}{15} \) What is the value of \( A \) ?,\( 3 \),"I think this is because, A = 9 andd 3 is in it's times table.",False_Misconception,Irrelevant,Irrelevant — content-free,M,"Explanation contains no mathematical content — too short, vague, or off-topic to reveal anything about the student's thinking. Undiagnosable.",,,,
11137,31778,\( \frac{A}{10}=\frac{9}{15} \) What is the value of \( A \) ?,\( 3 \),because 3 times  3 is 9  and on the bottom it is 3 times 5,False_Misconception,Irrelevant,Irrelevant — content-free,M,"Explanation contains no mathematical content — too short, vague, or off-topic to reveal anything about the student's thinking. Undiagnosable.",,,,
11026,31778,\( \frac{A}{10}=\frac{9}{15} \) What is the value of \( A \) ?,\( 3 \),I think this because three is a factor of both nine and fifteen.,False_Misconception,Irrelevant,Irrelevant — vague,M,Explanation references the problem but provides no diagnostic information about the student's mathematical reasoning. Undiagnosable from written explanation alone.,,,,
10873,31778,\( \frac{A}{10}=\frac{9}{15} \) What is the value of \( A \) ?,\( 3 \),Because 9 is in the  3 times table,False_Misconception,Irrelevant,Irrelevant — content-free,M,"Explanation contains no mathematical content — too short, vague, or off-topic to reveal anything about the student's thinking. Undiagnosable.",,,,
11206,31778,\( \frac{A}{10}=\frac{9}{15} \) What is the value of \( A \) ?,\( 3 \),becuse 3 is in the same times table as 9,False_Misconception,Irrelevant,Irrelevant — content-free,M,"Explanation contains no mathematical content — too short, vague, or off-topic to reveal anything about the student's thinking. Undiagnosable.",,,,
13474,31778,\( \frac{A}{10}=\frac{9}{15} \) What is the value of \( A \) ?,\( 6 \),IT IS C BECUSE IF YOU DIVIDE IT BY  YOU YOU GET 3 AND 3X3 =9,True_Misconception,Irrelevant,Irrelevant — vague,M,Explanation references the problem but provides no diagnostic information about the student's mathematical reasoning. Undiagnosable from written explanation alone.,,,,
8858,31777,"A box contains \( 120 \) counters. The counters are red or blue. \( \frac{3}{5} \) of the counters are red.
How many red counters are there?",\( 60 \),because half of 120 is 60 and its the onmly number thats in the 5 x tables,False_Misconception,Irrelevant,Irrelevant — vague,M,Explanation references the problem but provides no diagnostic information about the student's mathematical reasoning. Undiagnosable from written explanation alone.,,,,
10942,31778,\( \frac{A}{10}=\frac{9}{15} \) What is the value of \( A \) ?,\( 3 \),I got the answer becausee 3 times 3 is 9.,False_Misconception,Irrelevant,Irrelevant — content-free,M,"Explanation contains no mathematical content — too short, vague, or off-topic to reveal anything about the student's thinking. Undiagnosable.",,,,
14187,31778,\( \frac{A}{10}=\frac{9}{15} \) What is the value of \( A \) ?,\( 6 \),the 9/15 is higher so the A will be lower than nine but have to be in the sames times tables,True_Misconception,Irrelevant,Irrelevant — content-free,M,"Explanation contains no mathematical content — too short, vague, or off-topic to reveal anything about the student's thinking. Undiagnosable.",,,,
13195,31778,\( \frac{A}{10}=\frac{9}{15} \) What is the value of \( A \) ?,\( 6 \),I think it this because its multiplyed by three,True_Misconception,Irrelevant,Irrelevant — vague,M,Explanation references the problem but provides no diagnostic information about the student's mathematical reasoning. Undiagnosable from written explanation alone.,,,,
11201,31778,\( \frac{A}{10}=\frac{9}{15} \) What is the value of \( A \) ?,\( 3 \),because you need to no wot something into nine which is 3 or nine 3+3+3=9,False_Misconception,Irrelevant,Irrelevant — content-free,M,"Explanation contains no mathematical content — too short, vague, or off-topic to reveal anything about the student's thinking. Undiagnosable.",,,,
14294,31778,\( \frac{A}{10}=\frac{9}{15} \) What is the value of \( A \) ?,\( 9 \),"D because if you count in your 5 time tables it would be 3/5,6/10,9/15",False_Misconception,Irrelevant,Irrelevant — content-free,M,"Explanation contains no mathematical content — too short, vague, or off-topic to reveal anything about the student's thinking. Undiagnosable.",,,,
10828,31778,\( \frac{A}{10}=\frac{9}{15} \) What is the value of \( A \) ?,\( 3 \),9 and 15 are in the 3 times tables,False_Misconception,Irrelevant,Irrelevant — content-free,M,"Explanation contains no mathematical content — too short, vague, or off-topic to reveal anything about the student's thinking. Undiagnosable.",,,,
10814,31778,\( \frac{A}{10}=\frac{9}{15} \) What is the value of \( A \) ?,\( 3 \),3 times by 3 is nine.,False_Misconception,Irrelevant,Irrelevant — content-free,M,"Explanation contains no mathematical content — too short, vague, or off-topic to reveal anything about the student's thinking. Undiagnosable.",,,,
10864,31778,\( \frac{A}{10}=\frac{9}{15} \) What is the value of \( A \) ?,\( 3 \),Because 3 is a multiple of 9,False_Misconception,Irrelevant,Irrelevant — vague,M,Explanation references the problem but provides no diagnostic information about the student's mathematical reasoning. Undiagnosable from written explanation alone.,,,,
11359,31778,\( \frac{A}{10}=\frac{9}{15} \) What is the value of \( A \) ?,\( 3 \),it is a because 9 is 3 x 3,False_Misconception,Irrelevant,Irrelevant — content-free,M,"Explanation contains no mathematical content — too short, vague, or off-topic to reveal anything about the student's thinking. Undiagnosable.",,,,
14044,31778,\( \frac{A}{10}=\frac{9}{15} \) What is the value of \( A \) ?,\( 6 \),"i think this because both of the numerators have to have a commonn multiple, which is 3.",True_Misconception,Irrelevant,Irrelevant — vague,M,Explanation references the problem but provides no diagnostic information about the student's mathematical reasoning. Undiagnosable from written explanation alone.,,,,
8263,31777,"A box contains \( 120 \) counters. The counters are red or blue. \( \frac{3}{5} \) of the counters are red.
How many red counters are there?",\( 48 \),120 divided by 5 will be 24 then since we know that the red counters are 3/5 the remaining is 2 so we multiply 2 by 24 to get the answer.,False_Misconception,Wrong_fraction,Wrong_fraction — complement error,P,"Student applied the correct procedure (e.g., divide by denominator, multiply by numerator) but to the asked-for fraction rather than its complement. Found the yellow count when asked for green, or vice versa. Procedural: the method is correct, the fraction selection is wrong.",,,,
23517,33471,A bag contains \( 24 \) yellow and green balls. \( \frac{3}{8} \) of the balls are yellow. How many of the balls are green?,\( 9 \),"this is because 24 divided by the denominator, 8, is 3 and 3 times the numerator,3, is 9.",False_Misconception,Wrong_fraction,Wrong_fraction,P,"Student used an incorrect fraction value in an otherwise reasonable procedure. The specific wrong fraction is not identifiable from the explanation alone, but the answer pattern confirms it. Procedural: method intact, fraction input wrong.",,,,
22992,33471,A bag contains \( 24 \) yellow and green balls. \( \frac{3}{8} \) of the balls are yellow. How many of the balls are green?,\( 9 \),1/8 of 24 is 3 but there are 3/8 so 3x3=9,False_Misconception,Wrong_fraction,Wrong_fraction,P,"Student used an incorrect fraction value in an otherwise reasonable procedure. The specific wrong fraction is not identifiable from the explanation alone, but the answer pattern confirms it. Procedural: method intact, fraction input wrong.",,,,
23494,33471,A bag contains \( 24 \) yellow and green balls. \( \frac{3}{8} \) of the balls are yellow. How many of the balls are green?,\( 9 \),it’s b because i done 24 divided by 8 and timed 3 by 3 which is 9,False_Misconception,Wrong_fraction,Wrong_fraction,P,"Student used an incorrect fraction value in an otherwise reasonable procedure. The specific wrong fraction is not identifiable from the explanation alone, but the answer pattern confirms it. Procedural: method intact, fraction input wrong.",,,,
8612,31777,"A box contains \( 120 \) counters. The counters are red or blue. \( \frac{3}{5} \) of the counters are red.
How many red counters are there?",\( 48 \),the answer is d because 3/5 of 120 is 72 and 72 minus 120 is 48,False_Misconception,Wrong_fraction,Wrong_fraction,P,"Student used an incorrect fraction value in an otherwise reasonable procedure. The specific wrong fraction is not identifiable from the explanation alone, but the answer pattern confirms it. Procedural: method intact, fraction input wrong.",,,,
23050,33471,A bag contains \( 24 \) yellow and green balls. \( \frac{3}{8} \) of the balls are yellow. How many of the balls are green?,\( 9 \),"24 divided by 8 is 3 so then times three by the top, 9 is our answer.",False_Misconception,Wrong_fraction,Wrong_fraction,P,"Student used an incorrect fraction value in an otherwise reasonable procedure. The specific wrong fraction is not identifiable from the explanation alone, but the answer pattern confirms it. Procedural: method intact, fraction input wrong.",,,,
23031,33471,A bag contains \( 24 \) yellow and green balls. \( \frac{3}{8} \) of the balls are yellow. How many of the balls are green?,\( 9 \),24 divided by 8 is 3 and 3x3 is 9,False_Misconception,Wrong_fraction,Wrong_fraction,P,"Student used an incorrect fraction value in an otherwise reasonable procedure. The specific wrong fraction is not identifiable from the explanation alone, but the answer pattern confirms it. Procedural: method intact, fraction input wrong.",,,,
8534,31777,"A box contains \( 120 \) counters. The counters are red or blue. \( \frac{3}{5} \) of the counters are red.
How many red counters are there?",\( 48 \),i chose d because i calculated how much was left to make a whole and it was 2/5 of 120. i then did 2 / 5 of that number and that gave me 48.,False_Misconception,Wrong_fraction,Wrong_fraction,P,"Student used an incorrect fraction value in an otherwise reasonable procedure. The specific wrong fraction is not identifiable from the explanation alone, but the answer pattern confirms it. Procedural: method intact, fraction input wrong.",,,,
23451,33471,A bag contains \( 24 \) yellow and green balls. \( \frac{3}{8} \) of the balls are yellow. How many of the balls are green?,\( 9 \),i think this is the answer because i timesed  3/8 and 24,False_Misconception,Wrong_fraction,Wrong_fraction,P,"Student used an incorrect fraction value in an otherwise reasonable procedure. The specific wrong fraction is not identifiable from the explanation alone, but the answer pattern confirms it. Procedural: method intact, fraction input wrong.",,,,
8486,31777,"A box contains \( 120 \) counters. The counters are red or blue. \( \frac{3}{5} \) of the counters are red.
How many red counters are there?",\( 48 \),You must find 2/5 of 120 which is 48.,False_Misconception,Wrong_fraction,Wrong_fraction,P,"Student used an incorrect fraction value in an otherwise reasonable procedure. The specific wrong fraction is not identifiable from the explanation alone, but the answer pattern confirms it. Procedural: method intact, fraction input wrong.",,,,
23392,33471,A bag contains \( 24 \) yellow and green balls. \( \frac{3}{8} \) of the balls are yellow. How many of the balls are green?,\( 9 \),i think it's b because i 24 divided by 8 which is 3 and then to find the final answer i multiplied 3 by 3 which is 9.,False_Misconception,Wrong_fraction,Wrong_fraction,P,"Student used an incorrect fraction value in an otherwise reasonable procedure. The specific wrong fraction is not identifiable from the explanation alone, but the answer pattern confirms it. Procedural: method intact, fraction input wrong.",,,,
8611,31777,"A box contains \( 120 \) counters. The counters are red or blue. \( \frac{3}{5} \) of the counters are red.
How many red counters are there?",\( 48 \),the answer is 48 because you have to find 2 / 5 of 120 which is 4.,False_Misconception,Wrong_fraction,Wrong_fraction,P,"Student used an incorrect fraction value in an otherwise reasonable procedure. The specific wrong fraction is not identifiable from the explanation alone, but the answer pattern confirms it. Procedural: method intact, fraction input wrong.",,,,
23521,33471,A bag contains \( 24 \) yellow and green balls. \( \frac{3}{8} \) of the balls are yellow. How many of the balls are green?,\( 9 \),this is fractions of an amount so you ÷ 24 by 8 which is 3 then you × 3 by 3 which is 9,False_Misconception,Wrong_fraction,Wrong_fraction,P,"Student used an incorrect fraction value in an otherwise reasonable procedure. The specific wrong fraction is not identifiable from the explanation alone, but the answer pattern confirms it. Procedural: method intact, fraction input wrong.",,,,
8469,31777,"A box contains \( 120 \) counters. The counters are red or blue. \( \frac{3}{5} \) of the counters are red.
How many red counters are there?",\( 48 \),So what I did was 120 divided by 5 then I got 24 so then 24x3 which equaled 72 then 120-72 which gave me 48.,False_Misconception,Wrong_fraction,Wrong_fraction,P,"Student used an incorrect fraction value in an otherwise reasonable procedure. The specific wrong fraction is not identifiable from the explanation alone, but the answer pattern confirms it. Procedural: method intact, fraction input wrong.",,,,
23492,33471,A bag contains \( 24 \) yellow and green balls. \( \frac{3}{8} \) of the balls are yellow. How many of the balls are green?,\( 9 \),"it's 9, because you have to work out 3/8 of 24 and 24, divided by 8, is 3, then three times 3, which equals 9.",False_Misconception,Wrong_fraction,Wrong_fraction,P,"Student used an incorrect fraction value in an otherwise reasonable procedure. The specific wrong fraction is not identifiable from the explanation alone, but the answer pattern confirms it. Procedural: method intact, fraction input wrong.",,,,
8332,31777,"A box contains \( 120 \) counters. The counters are red or blue. \( \frac{3}{5} \) of the counters are red.
How many red counters are there?",\( 48 \),"Divide 120 by 5 time it by three to get 72.
Take 72 away from 120 to get 48.",False_Misconception,Wrong_fraction,Wrong_fraction,P,"Student used an incorrect fraction value in an otherwise reasonable procedure. The specific wrong fraction is not identifiable from the explanation alone, but the answer pattern confirms it. Procedural: method intact, fraction input wrong.",,,,
23534,33471,A bag contains \( 24 \) yellow and green balls. \( \frac{3}{8} \) of the balls are yellow. How many of the balls are green?,\( 9 \),twenty-four divided by eight is three and three times three is nine.,False_Misconception,Wrong_fraction,Wrong_fraction,P,"Student used an incorrect fraction value in an otherwise reasonable procedure. The specific wrong fraction is not identifiable from the explanation alone, but the answer pattern confirms it. Procedural: method intact, fraction input wrong.",,,,
23326,33471,A bag contains \( 24 \) yellow and green balls. \( \frac{3}{8} \) of the balls are yellow. How many of the balls are green?,\( 9 \),i did 3/8 by 24 and got 9.,False_Misconception,Wrong_fraction,Wrong_fraction,P,"Student used an incorrect fraction value in an otherwise reasonable procedure. The specific wrong fraction is not identifiable from the explanation alone, but the answer pattern confirms it. Procedural: method intact, fraction input wrong.",,,,
23189,33471,A bag contains \( 24 \) yellow and green balls. \( \frac{3}{8} \) of the balls are yellow. How many of the balls are green?,\( 9 \),"So you see howw many 8s go into 24, then times by 3.",False_Misconception,Wrong_fraction,Wrong_fraction,P,"Student used an incorrect fraction value in an otherwise reasonable procedure. The specific wrong fraction is not identifiable from the explanation alone, but the answer pattern confirms it. Procedural: method intact, fraction input wrong.",,,,
23005,33471,A bag contains \( 24 \) yellow and green balls. \( \frac{3}{8} \) of the balls are yellow. How many of the balls are green?,\( 9 \),24 divided by 8 = 3 so you do 3x3=9.,False_Misconception,Wrong_fraction,Wrong_fraction,P,"Student used an incorrect fraction value in an otherwise reasonable procedure. The specific wrong fraction is not identifiable from the explanation alone, but the answer pattern confirms it. Procedural: method intact, fraction input wrong.",,,,
23479,33471,A bag contains \( 24 \) yellow and green balls. \( \frac{3}{8} \) of the balls are yellow. How many of the balls are green?,\( 9 \),"if you times 8 by 3 that equals 24 so you need to times 3 by 3, whichh gives 9,",False_Misconception,Wrong_fraction,Wrong_fraction,P,"Student used an incorrect fraction value in an otherwise reasonable procedure. The specific wrong fraction is not identifiable from the explanation alone, but the answer pattern confirms it. Procedural: method intact, fraction input wrong.",,,,
23122,33471,A bag contains \( 24 \) yellow and green balls. \( \frac{3}{8} \) of the balls are yellow. How many of the balls are green?,\( 9 \),"8 divided by 24 is equal to 3 and then you do three times 3, so the answer is 9.",False_Misconception,Wrong_fraction,Wrong_fraction,P,"Student used an incorrect fraction value in an otherwise reasonable procedure. The specific wrong fraction is not identifiable from the explanation alone, but the answer pattern confirms it. Procedural: method intact, fraction input wrong.",,,,
23070,33471,A bag contains \( 24 \) yellow and green balls. \( \frac{3}{8} \) of the balls are yellow. How many of the balls are green?,\( 9 \),24 divided by 8 then times by  3,False_Misconception,Wrong_fraction,Wrong_fraction,P,"Student used an incorrect fraction value in an otherwise reasonable procedure. The specific wrong fraction is not identifiable from the explanation alone, but the answer pattern confirms it. Procedural: method intact, fraction input wrong.",,,,
23048,33471,A bag contains \( 24 \) yellow and green balls. \( \frac{3}{8} \) of the balls are yellow. How many of the balls are green?,\( 9 \),24 divided by 8 is 3 so one eighth is 3 and 3 times 3 is 9.,False_Misconception,Wrong_fraction,Wrong_fraction,P,"Student used an incorrect fraction value in an otherwise reasonable procedure. The specific wrong fraction is not identifiable from the explanation alone, but the answer pattern confirms it. Procedural: method intact, fraction input wrong.",,,,
22996,33471,A bag contains \( 24 \) yellow and green balls. \( \frac{3}{8} \) of the balls are yellow. How many of the balls are green?,\( 9 \),1/8 of 24 was 3 so i timed that by 3 to get 9,False_Misconception,Wrong_fraction,Wrong_fraction,P,"Student used an incorrect fraction value in an otherwise reasonable procedure. The specific wrong fraction is not identifiable from the explanation alone, but the answer pattern confirms it. Procedural: method intact, fraction input wrong.",,,,
23283,33471,A bag contains \( 24 \) yellow and green balls. \( \frac{3}{8} \) of the balls are yellow. How many of the balls are green?,\( 9 \),cause i split 24 balls into 8 groups which means that each group has 3 balls. 3*3 =9.,False_Misconception,Wrong_fraction,Wrong_fraction,P,"Student used an incorrect fraction value in an otherwise reasonable procedure. The specific wrong fraction is not identifiable from the explanation alone, but the answer pattern confirms it. Procedural: method intact, fraction input wrong.",,,,
22987,33471,A bag contains \( 24 \) yellow and green balls. \( \frac{3}{8} \) of the balls are yellow. How many of the balls are green?,\( 9 \),"1 / 8 of 24 is 3, so thenn you times 3 by 3.",False_Misconception,Wrong_fraction,Wrong_fraction,P,"Student used an incorrect fraction value in an otherwise reasonable procedure. The specific wrong fraction is not identifiable from the explanation alone, but the answer pattern confirms it. Procedural: method intact, fraction input wrong.",,,,
23040,33471,A bag contains \( 24 \) yellow and green balls. \( \frac{3}{8} \) of the balls are yellow. How many of the balls are green?,\( 9 \),24 divided by 8 is 3 and three times 3 is 9.,False_Misconception,Wrong_fraction,Wrong_fraction,P,"Student used an incorrect fraction value in an otherwise reasonable procedure. The specific wrong fraction is not identifiable from the explanation alone, but the answer pattern confirms it. Procedural: method intact, fraction input wrong.",,,,
8602,31777,"A box contains \( 120 \) counters. The counters are red or blue. \( \frac{3}{5} \) of the counters are red.
How many red counters are there?",\( 48 \),"since 1 / 5 of 120 is 24 times 3, which is 72, then 120 minuss 72 is 48.",False_Misconception,Wrong_fraction,Wrong_fraction,P,"Student used an incorrect fraction value in an otherwise reasonable procedure. The specific wrong fraction is not identifiable from the explanation alone, but the answer pattern confirms it. Procedural: method intact, fraction input wrong.",,,,
8301,31777,"A box contains \( 120 \) counters. The counters are red or blue. \( \frac{3}{5} \) of the counters are red.
How many red counters are there?",\( 48 \),5/5 minus 3/5 is 2/5 and 2/5 of 120 is D,False_Misconception,Wrong_fraction,Wrong_fraction,P,"Student used an incorrect fraction value in an otherwise reasonable procedure. The specific wrong fraction is not identifiable from the explanation alone, but the answer pattern confirms it. Procedural: method intact, fraction input wrong.",,,,
19612,32833,Calculate \( \frac{2}{3} \times 5 \),\( \frac{2}{15} \),"the numerator stays constant, so 3x5 is 15 and 5 remains unchanged.",False_Misconception,Inversion,Inversion — KCF misapplication,P,"Student attempted the keep-change-flip procedure but inverted the wrong fraction (dividend instead of divisor, or both). Part of the fraction division confusion cluster (Inversion + SwapDividend + FlipChange). Procedural: procedure memorized but not correctly applied.",,,,
19662,32833,Calculate \( \frac{2}{3} \times 5 \),\( \frac{2}{15} \),you just have to times 3 by 5 to get 15 so the answer is b,False_Misconception,Inversion,Inversion,P,Inversion confirmed by answer pattern (answer is the reciprocal of the correct result or uses the reciprocal in computation). No explicit description of the flip in the explanation. Procedural.,,,,
19601,32833,Calculate \( \frac{2}{3} \times 5 \),\( \frac{2}{15} \),so you do 3*5=15 and then i normally do 2* imaginary 1=2 and 2/15 is youre anser,False_Misconception,Inversion,Inversion,P,Inversion confirmed by answer pattern (answer is the reciprocal of the correct result or uses the reciprocal in computation). No explicit description of the flip in the explanation. Procedural.,,,,
19668,32833,Calculate \( \frac{2}{3} \times 5 \),\( \frac{2}{15} \),you make 5 into a fraction (1/5) and then do 2 x 1=2 and 3 x 5 =15. so the top of the fraction is 2 and the bottom is 15.,False_Misconception,Inversion,Inversion,P,Inversion confirmed by answer pattern (answer is the reciprocal of the correct result or uses the reciprocal in computation). No explicit description of the flip in the explanation. Procedural.,,,,
19607,32833,Calculate \( \frac{2}{3} \times 5 \),\( \frac{2}{15} \),the answer is b because 1x2=2 and 3x5=15 so it equals 2/15,False_Misconception,Inversion,Inversion,P,Inversion confirmed by answer pattern (answer is the reciprocal of the correct result or uses the reciprocal in computation). No explicit description of the flip in the explanation. Procedural.,,,,
19375,32833,Calculate \( \frac{2}{3} \times 5 \),\( \frac{2}{15} \),because you have to x the denominator by 5,False_Misconception,Inversion,Inversion,P,Inversion confirmed by answer pattern (answer is the reciprocal of the correct result or uses the reciprocal in computation). No explicit description of the flip in the explanation. Procedural.,,,,
19676,32833,Calculate \( \frac{2}{3} \times 5 \),\( \frac{2}{15} \),you turn 5 into 1/5 then multiply the 2 numerator then the 2 denomonators,False_Misconception,Inversion,Inversion,P,Inversion confirmed by answer pattern (answer is the reciprocal of the correct result or uses the reciprocal in computation). No explicit description of the flip in the explanation. Procedural.,,,,
19521,32833,Calculate \( \frac{2}{3} \times 5 \),\( \frac{2}{15} \),i turned 5 into 5/1 and then flip it into 1/5. then 2/3  1/4 which was 2/15,False_Misconception,Inversion,Inversion — KCF misapplication,P,"Student attempted the keep-change-flip procedure but inverted the wrong fraction (dividend instead of divisor, or both). Part of the fraction division confusion cluster (Inversion + SwapDividend + FlipChange). Procedural: procedure memorized but not correctly applied.",,,,
19455,32833,Calculate \( \frac{2}{3} \times 5 \),\( \frac{2}{15} \),i put 5 over 1 flipped them to make 1/5 but then i had to find a common denominator =  i used 15,False_Misconception,Inversion,Inversion — KCF misapplication,P,"Student attempted the keep-change-flip procedure but inverted the wrong fraction (dividend instead of divisor, or both). Part of the fraction division confusion cluster (Inversion + SwapDividend + FlipChange). Procedural: procedure memorized but not correctly applied.",,,,
19560,32833,Calculate \( \frac{2}{3} \times 5 \),\( \frac{2}{15} \),if you use kcf the equation becomes 2/3 multiplied by 1/5 which is 2/15.,False_Misconception,Inversion,Inversion,P,Inversion confirmed by answer pattern (answer is the reciprocal of the correct result or uses the reciprocal in computation). No explicit description of the flip in the explanation. Procedural.,,,,
19390,32833,Calculate \( \frac{2}{3} \times 5 \),\( \frac{2}{15} \),because you times the denominator by the integer which is 15 and you keep the numerator the same,False_Misconception,Inversion,Inversion — KCF misapplication,P,"Student attempted the keep-change-flip procedure but inverted the wrong fraction (dividend instead of divisor, or both). Part of the fraction division confusion cluster (Inversion + SwapDividend + FlipChange). Procedural: procedure memorized but not correctly applied.",,,,
19515,32833,Calculate \( \frac{2}{3} \times 5 \),\( \frac{2}{15} \),i timed  3 by 5 to get 15 and you always keep your denominator the same so it is 2/15,False_Misconception,Inversion,Inversion — KCF misapplication,P,"Student attempted the keep-change-flip procedure but inverted the wrong fraction (dividend instead of divisor, or both). Part of the fraction division confusion cluster (Inversion + SwapDividend + FlipChange). Procedural: procedure memorized but not correctly applied.",,,,
19222,32833,Calculate \( \frac{2}{3} \times 5 \),\( \frac{2}{15} \),5 times 3 and the 2 stays the same,False_Misconception,Inversion,Inversion,P,Inversion confirmed by answer pattern (answer is the reciprocal of the correct result or uses the reciprocal in computation). No explicit description of the flip in the explanation. Procedural.,,,,
19236,32833,Calculate \( \frac{2}{3} \times 5 \),\( \frac{2}{15} \),First we make the 5 into 1/5 then we do apple sauce and I got 2/15,False_Misconception,Inversion,Inversion,P,Inversion confirmed by answer pattern (answer is the reciprocal of the correct result or uses the reciprocal in computation). No explicit description of the flip in the explanation. Procedural.,,,,
19206,32833,Calculate \( \frac{2}{3} \times 5 \),\( \frac{2}{15} \),3x5 and then add thr 2 on top,False_Misconception,Inversion,Inversion,P,Inversion confirmed by answer pattern (answer is the reciprocal of the correct result or uses the reciprocal in computation). No explicit description of the flip in the explanation. Procedural.,,,,
19325,32833,Calculate \( \frac{2}{3} \times 5 \),\( \frac{2}{15} \),"b is correct because when receiving this question, you always have to do the reciprocal, which is making the whole number a fraction (1/5) and multiply the numerator by numerator and denominator by denominator",False_Misconception,Inversion,Inversion — flip without justification,P,Student describes flipping a fraction without a clear model of why or when to do so. Procedural: the flip is a memorized action applied at the wrong moment or to the wrong fraction.,,,,
19367,32833,Calculate \( \frac{2}{3} \times 5 \),\( \frac{2}{15} \),because you don't tomes the top you leave it like you do with dividing .,False_Misconception,Inversion,Inversion,P,Inversion confirmed by answer pattern (answer is the reciprocal of the correct result or uses the reciprocal in computation). No explicit description of the flip in the explanation. Procedural.,,,,
19207,32833,Calculate \( \frac{2}{3} \times 5 \),\( \frac{2}{15} \),"3x5=15 

leave the 2 and the answer is two fifteens",False_Misconception,Inversion,Inversion,P,Inversion confirmed by answer pattern (answer is the reciprocal of the correct result or uses the reciprocal in computation). No explicit description of the flip in the explanation. Procedural.,,,,
19512,32833,Calculate \( \frac{2}{3} \times 5 \),\( \frac{2}{15} \),i think this is the answer because you add the 1 on the bottom of the 5 then flip it and do 2 times 1 =2 and 3 times 5 = 15,False_Misconception,Inversion,Inversion — KCF misapplication,P,"Student attempted the keep-change-flip procedure but inverted the wrong fraction (dividend instead of divisor, or both). Part of the fraction division confusion cluster (Inversion + SwapDividend + FlipChange). Procedural: procedure memorized but not correctly applied.",,,,
19355,32833,Calculate \( \frac{2}{3} \times 5 \),\( \frac{2}{15} \),because if you put 5 into a fraction it would be 5/1 but you need to flip it so it would be 1/5 then you can times 2 by 1 then 3 by 5 what gives you 2/15,False_Misconception,Inversion,Inversion — KCF misapplication,P,"Student attempted the keep-change-flip procedure but inverted the wrong fraction (dividend instead of divisor, or both). Part of the fraction division confusion cluster (Inversion + SwapDividend + FlipChange). Procedural: procedure memorized but not correctly applied.",,,,
19572,32833,Calculate \( \frac{2}{3} \times 5 \),\( \frac{2}{15} \),it would b because if you times 5 *3 it gives you 15 and the  numerator stays the. same,False_Misconception,Inversion,Inversion,P,Inversion confirmed by answer pattern (answer is the reciprocal of the correct result or uses the reciprocal in computation). No explicit description of the flip in the explanation. Procedural.,,,,
19244,32833,Calculate \( \frac{2}{3} \times 5 \),\( \frac{2}{15} \),I did the denominator times the whole number.,False_Misconception,Inversion,Inversion,P,Inversion confirmed by answer pattern (answer is the reciprocal of the correct result or uses the reciprocal in computation). No explicit description of the flip in the explanation. Procedural.,,,,
18342,32833,Calculate \( \frac{2}{3} \times 5 \),\( \frac{10}{15} \),3 x 5 is 15 and 2 x 5 is 10,False_Misconception,Inversion,Inversion,P,Inversion confirmed by answer pattern (answer is the reciprocal of the correct result or uses the reciprocal in computation). No explicit description of the flip in the explanation. Procedural.,,,,
19669,32833,Calculate \( \frac{2}{3} \times 5 \),\( \frac{2}{15} \),you make the five holes turn into 1/5 then you times to by one and 3 by 5 to get to 2/15s and it cannot be simplified,False_Misconception,Inversion,Inversion,P,Inversion confirmed by answer pattern (answer is the reciprocal of the correct result or uses the reciprocal in computation). No explicit description of the flip in the explanation. Procedural.,,,,
19639,32833,Calculate \( \frac{2}{3} \times 5 \),\( \frac{2}{15} \),x the denominator by the integer,False_Misconception,Inversion,Inversion,P,Inversion confirmed by answer pattern (answer is the reciprocal of the correct result or uses the reciprocal in computation). No explicit description of the flip in the explanation. Procedural.,,,,
19631,32833,Calculate \( \frac{2}{3} \times 5 \),\( \frac{2}{15} \),we put 5 over 1 and then turned it around so we couldd time the numbers.,False_Misconception,Inversion,Inversion,P,Inversion confirmed by answer pattern (answer is the reciprocal of the correct result or uses the reciprocal in computation). No explicit description of the flip in the explanation. Procedural.,,,,
19670,32833,Calculate \( \frac{2}{3} \times 5 \),\( \frac{2}{15} \),you multiply the denominator by 5 and get 2/15,False_Misconception,Inversion,Inversion,P,Inversion confirmed by answer pattern (answer is the reciprocal of the correct result or uses the reciprocal in computation). No explicit description of the flip in the explanation. Procedural.,,,,
19285,32833,Calculate \( \frac{2}{3} \times 5 \),\( \frac{2}{15} \),"Since 3 times 5 is 15 and 2 times 1 is 2, it would = twoo fifteenths.",False_Misconception,Inversion,Inversion,P,Inversion confirmed by answer pattern (answer is the reciprocal of the correct result or uses the reciprocal in computation). No explicit description of the flip in the explanation. Procedural.,,,,
19518,32833,Calculate \( \frac{2}{3} \times 5 \),\( \frac{2}{15} \),i times 3x5=15 so ive thought 2/15,False_Misconception,Inversion,Inversion,P,Inversion confirmed by answer pattern (answer is the reciprocal of the correct result or uses the reciprocal in computation). No explicit description of the flip in the explanation. Procedural.,,,,
19253,32833,Calculate \( \frac{2}{3} \times 5 \),\( \frac{2}{15} \),I think it is b because when I times 3 and 5 and got 15 then left the 2,False_Misconception,Inversion,Inversion,P,Inversion confirmed by answer pattern (answer is the reciprocal of the correct result or uses the reciprocal in computation). No explicit description of the flip in the explanation. Procedural.,,,,
5360,31774,Calculate \( \frac{1}{2} \div 6 \),\( 3 \),i can tell that three is half of six.,False_Misconception,Mult,Mult,P,"Multiplication error confirmed by answer pattern. Student used multiplication where a different operation was required, or applied multiplication incorrectly (e.g., to both numerator and denominator). Procedural.",,,,
5384,31774,Calculate \( \frac{1}{2} \div 6 \),\( 3 \),i really don't understandd this question i have been stuck on it for a while so i just made an estimate because 3 is have one half of 6,False_Misconception,Mult,Mult,P,"Multiplication error confirmed by answer pattern. Student used multiplication where a different operation was required, or applied multiplication incorrectly (e.g., to both numerator and denominator). Procedural.",,,,
5124,31774,Calculate \( \frac{1}{2} \div 6 \),\( 3 \),"I think this because 1/2 is a half of a fraction, number and decimals so a half of 6 is 3 and that's your answer",False_Misconception,Mult,Mult,P,"Multiplication error confirmed by answer pattern. Student used multiplication where a different operation was required, or applied multiplication incorrectly (e.g., to both numerator and denominator). Procedural.",,,,
4986,31774,Calculate \( \frac{1}{2} \div 6 \),\( 3 \),Because multiplying by 0.5 or a half is the same as dividing by 2,False_Misconception,Mult,Mult,P,"Multiplication error confirmed by answer pattern. Student used multiplication where a different operation was required, or applied multiplication incorrectly (e.g., to both numerator and denominator). Procedural.",,,,
5221,31774,Calculate \( \frac{1}{2} \div 6 \),\( 3 \),It is half of 6 which is 3,False_Misconception,Mult,Mult,P,"Multiplication error confirmed by answer pattern. Student used multiplication where a different operation was required, or applied multiplication incorrectly (e.g., to both numerator and denominator). Procedural.",,,,
5111,31774,Calculate \( \frac{1}{2} \div 6 \),\( 3 \),I think it's B because 1/2 of 6 is 3,False_Misconception,Mult,Mult,P,"Multiplication error confirmed by answer pattern. Student used multiplication where a different operation was required, or applied multiplication incorrectly (e.g., to both numerator and denominator). Procedural.",,,,
5139,31774,Calculate \( \frac{1}{2} \div 6 \),\( 3 \),I think this because I used the KFC method to do it and the result is. 1/2 x 6= 3,False_Misconception,Mult,Mult,P,"Multiplication error confirmed by answer pattern. Student used multiplication where a different operation was required, or applied multiplication incorrectly (e.g., to both numerator and denominator). Procedural.",,,,
4969,31774,Calculate \( \frac{1}{2} \div 6 \),\( 3 \),Because half of 6 is e,False_Misconception,Mult,Mult,P,"Multiplication error confirmed by answer pattern. Student used multiplication where a different operation was required, or applied multiplication incorrectly (e.g., to both numerator and denominator). Procedural.",,,,
5001,31774,Calculate \( \frac{1}{2} \div 6 \),\( 3 \),Because you do half of 6.,False_Misconception,Mult,Mult,P,"Multiplication error confirmed by answer pattern. Student used multiplication where a different operation was required, or applied multiplication incorrectly (e.g., to both numerator and denominator). Procedural.",,,,
5417,31774,Calculate \( \frac{1}{2} \div 6 \),\( 3 \),i think this because i knew that the fraction means that you have to halve the number you've got.,False_Misconception,Mult,Mult,P,"Multiplication error confirmed by answer pattern. Student used multiplication where a different operation was required, or applied multiplication incorrectly (e.g., to both numerator and denominator). Procedural.",,,,
5024,31774,Calculate \( \frac{1}{2} \div 6 \),\( 3 \),I  think B because half of 6 is 3.,False_Misconception,Mult,Mult,P,"Multiplication error confirmed by answer pattern. Student used multiplication where a different operation was required, or applied multiplication incorrectly (e.g., to both numerator and denominator). Procedural.",,,,
5026,31774,Calculate \( \frac{1}{2} \div 6 \),\( 3 \),I Think this because I knew that   the fraction means that you have to halve the number you have,False_Misconception,Mult,Mult,P,"Multiplication error confirmed by answer pattern. Student used multiplication where a different operation was required, or applied multiplication incorrectly (e.g., to both numerator and denominator). Procedural.",,,,
5345,31774,Calculate \( \frac{1}{2} \div 6 \),\( 3 \),"half of 6 is 3, so i chose b.",False_Misconception,Mult,Mult,P,"Multiplication error confirmed by answer pattern. Student used multiplication where a different operation was required, or applied multiplication incorrectly (e.g., to both numerator and denominator). Procedural.",,,,
5380,31774,Calculate \( \frac{1}{2} \div 6 \),\( 3 \),i know this is the answer because i halved 6 because one half means you do this. so i did this and got 3 which is correct.,False_Misconception,Mult,Mult,P,"Multiplication error confirmed by answer pattern. Student used multiplication where a different operation was required, or applied multiplication incorrectly (e.g., to both numerator and denominator). Procedural.",,,,
5290,31774,Calculate \( \frac{1}{2} \div 6 \),\( 3 \),because divide is thee same as of,False_Misconception,Mult,Mult,P,"Multiplication error confirmed by answer pattern. Student used multiplication where a different operation was required, or applied multiplication incorrectly (e.g., to both numerator and denominator). Procedural.",,,,
5126,31774,Calculate \( \frac{1}{2} \div 6 \),\( 3 \),I think this because 1/2 means half and half of 6 is 3.,False_Misconception,Mult,Mult,P,"Multiplication error confirmed by answer pattern. Student used multiplication where a different operation was required, or applied multiplication incorrectly (e.g., to both numerator and denominator). Procedural.",,,,
4972,31774,Calculate \( \frac{1}{2} \div 6 \),\( 3 \),Because half of six is 3,False_Misconception,Mult,Mult,P,"Multiplication error confirmed by answer pattern. Student used multiplication where a different operation was required, or applied multiplication incorrectly (e.g., to both numerator and denominator). Procedural.",,,,
7620,31774,Calculate \( \frac{1}{2} \div 6 \),\( \frac{1}{3} \),i found out what a half of 6 is then i got 3 so i did 3 divided by 6 and got 1 so i knew it was this,False_Misconception,Mult,Mult,P,"Multiplication error confirmed by answer pattern. Student used multiplication where a different operation was required, or applied multiplication incorrectly (e.g., to both numerator and denominator). Procedural.",,,,
5032,31774,Calculate \( \frac{1}{2} \div 6 \),\( 3 \),I basically means 1/2 of 6 which is 3,False_Misconception,Mult,Mult,P,"Multiplication error confirmed by answer pattern. Student used multiplication where a different operation was required, or applied multiplication incorrectly (e.g., to both numerator and denominator). Procedural.",,,,
7774,31774,Calculate \( \frac{1}{2} \div 6 \),\( \frac{6}{2} \),I made the half to five tenths and the six a six over one which made me three ones and an equivalent fraction is three over two.,False_Misconception,Mult,Mult,P,"Multiplication error confirmed by answer pattern. Student used multiplication where a different operation was required, or applied multiplication incorrectly (e.g., to both numerator and denominator). Procedural.",,,,
5127,31774,Calculate \( \frac{1}{2} \div 6 \),\( 3 \),I think this because 1/2 means you have to half the number [ find another number that when multiplied by 2 equals 6 ] and if you add 3 and 3 it equals to 6 so the answer is 3.,False_Misconception,Mult,Mult,P,"Multiplication error confirmed by answer pattern. Student used multiplication where a different operation was required, or applied multiplication incorrectly (e.g., to both numerator and denominator). Procedural.",,,,
5409,31774,Calculate \( \frac{1}{2} \div 6 \),\( 3 \),"i think this because 1/2 is the same as a half which is dividing by 2, and so the answer would be three because half of 6 is 3.",False_Misconception,Mult,Mult,P,"Multiplication error confirmed by answer pattern. Student used multiplication where a different operation was required, or applied multiplication incorrectly (e.g., to both numerator and denominator). Procedural.",,,,
4989,31774,Calculate \( \frac{1}{2} \div 6 \),\( 3 \),Because one half of 6 is 3,False_Misconception,Mult,Mult,P,"Multiplication error confirmed by answer pattern. Student used multiplication where a different operation was required, or applied multiplication incorrectly (e.g., to both numerator and denominator). Procedural.",,,,
5317,31774,Calculate \( \frac{1}{2} \div 6 \),\( 3 \),because you just find half of 6,False_Misconception,Mult,Mult,P,"Multiplication error confirmed by answer pattern. Student used multiplication where a different operation was required, or applied multiplication incorrectly (e.g., to both numerator and denominator). Procedural.",,,,
5065,31774,Calculate \( \frac{1}{2} \div 6 \),\( 3 \),I halved 6 to get 3 for my answer,False_Misconception,Mult,Mult,P,"Multiplication error confirmed by answer pattern. Student used multiplication where a different operation was required, or applied multiplication incorrectly (e.g., to both numerator and denominator). Procedural.",,,,
7484,31774,Calculate \( \frac{1}{2} \div 6 \),\( \frac{1}{3} \),Half of 6 is 3 and 3 divided by 6 is going to be less than 3 so I thought it was 1 3rd,False_Misconception,Mult,Mult,P,"Multiplication error confirmed by answer pattern. Student used multiplication where a different operation was required, or applied multiplication incorrectly (e.g., to both numerator and denominator). Procedural.",,,,
4942,31774,Calculate \( \frac{1}{2} \div 6 \),\( 3 \),A half of six is 3,False_Misconception,Mult,Mult,P,"Multiplication error confirmed by answer pattern. Student used multiplication where a different operation was required, or applied multiplication incorrectly (e.g., to both numerator and denominator). Procedural.",,,,
5470,31774,Calculate \( \frac{1}{2} \div 6 \),\( 3 \),it is 3 because if you half 6 then you get 3.,False_Misconception,Mult,Mult,P,"Multiplication error confirmed by answer pattern. Student used multiplication where a different operation was required, or applied multiplication incorrectly (e.g., to both numerator and denominator). Procedural.",,,,
4872,31774,Calculate \( \frac{1}{2} \div 6 \),\( 3 \),1/2 divide 6 is the same as 1/2 x 6 which is 3.,False_Misconception,Mult,Mult,P,"Multiplication error confirmed by answer pattern. Student used multiplication where a different operation was required, or applied multiplication incorrectly (e.g., to both numerator and denominator). Procedural.",,,,
5074,31774,Calculate \( \frac{1}{2} \div 6 \),\( 3 \),I know that half of 6 is three,False_Misconception,Mult,Mult,P,"Multiplication error confirmed by answer pattern. Student used multiplication where a different operation was required, or applied multiplication incorrectly (e.g., to both numerator and denominator). Procedural.",,,,
